country,iso3,region,subregion,sector,fo_base_score,lmic_calibrated_score,calibration_factor,risk_label_global,risk_label_lmic,task_routine,task_cognitive,task_manual,informal_economy_pct,internet_penetration_pct,avg_wage_usd_month,source
Ghana,GHA,Sub-Saharan Africa,West Africa,agriculture,0.68,0.309,0.65,High,Medium,0.72,0.28,0.88,68.4,53.0,280,Frey-Osborne 2017 + ILO Task Indices + World Bank STEP + ITU 2023
Ghana,GHA,Sub-Saharan Africa,West Africa,trade_retail,0.89,0.434,0.65,High,Medium,0.82,0.32,0.42,68.4,53.0,280,Frey-Osborne 2017 + ILO Task Indices + World Bank STEP + ITU 2023
Ghana,GHA,Sub-Saharan Africa,West Africa,construction,0.71,0.461,0.65,High,Medium,0.64,0.28,0.88,68.4,53.0,280,Frey-Osborne 2017 + ILO Task Indices + World Bank STEP + ITU 2023
Ghana,GHA,Sub-Saharan Africa,West Africa,ict_services,0.38,0.304,0.65,Medium,Medium,0.28,0.88,0.15,68.4,53.0,280,Frey-Osborne 2017 + ILO Task Indices + World Bank STEP + ITU 2023
Ghana,GHA,Sub-Saharan Africa,West Africa,manufacturing,0.88,0.572,0.65,High,Medium,0.86,0.22,0.78,68.4,53.0,280,Frey-Osborne 2017 + ILO Task Indices + World Bank STEP + ITU 2023
Ghana,GHA,Sub-Saharan Africa,West Africa,health_social,0.18,0.117,0.65,Low,Low,0.22,0.82,0.58,68.4,53.0,280,Frey-Osborne 2017 + ILO Task Indices + World Bank STEP + ITU 2023
Ghana,GHA,Sub-Saharan Africa,West Africa,transport,0.78,0.507,0.65,High,Medium,0.7,0.32,0.72,68.4,53.0,280,Frey-Osborne 2017 + ILO Task Indices + World Bank STEP + ITU 2023
Ghana,GHA,Sub-Saharan Africa,West Africa,financial_svcs,0.72,0.468,0.65,High,Medium,0.76,0.62,0.08,68.4,53.0,280,Frey-Osborne 2017 + ILO Task Indices + World Bank STEP + ITU 2023
Ghana,GHA,Sub-Saharan Africa,West Africa,education,0.02,0.013,0.65,Low,Low,0.12,0.9,0.22,68.4,53.0,280,Frey-Osborne 2017 + ILO Task Indices + World Bank STEP + ITU 2023
Ghana,GHA,Sub-Saharan Africa,West Africa,domestic_svcs,0.28,0.182,0.65,Low,Low,0.32,0.28,0.8,68.4,53.0,280,Frey-Osborne 2017 + ILO Task Indices + World Bank STEP + ITU 2023
Nigeria,NGA,Sub-Saharan Africa,West Africa,agriculture,0.68,0.295,0.62,High,Low,0.72,0.28,0.88,74.2,35.0,220,Frey-Osborne 2017 + ILO Task Indices + World Bank STEP + ITU 2023
Nigeria,NGA,Sub-Saharan Africa,West Africa,trade_retail,0.89,0.414,0.62,High,Medium,0.82,0.32,0.42,74.2,35.0,220,Frey-Osborne 2017 + ILO Task Indices + World Bank STEP + ITU 2023
Nigeria,NGA,Sub-Saharan Africa,West Africa,construction,0.71,0.44,0.62,High,Medium,0.64,0.28,0.88,74.2,35.0,220,Frey-Osborne 2017 + ILO Task Indices + World Bank STEP + ITU 2023
Nigeria,NGA,Sub-Saharan Africa,West Africa,ict_services,0.38,0.293,0.62,Medium,Low,0.28,0.88,0.15,74.2,35.0,220,Frey-Osborne 2017 + ILO Task Indices + World Bank STEP + ITU 2023
Nigeria,NGA,Sub-Saharan Africa,West Africa,manufacturing,0.88,0.546,0.62,High,Medium,0.86,0.22,0.78,74.2,35.0,220,Frey-Osborne 2017 + ILO Task Indices + World Bank STEP + ITU 2023
Nigeria,NGA,Sub-Saharan Africa,West Africa,health_social,0.18,0.112,0.62,Low,Low,0.22,0.82,0.58,74.2,35.0,220,Frey-Osborne 2017 + ILO Task Indices + World Bank STEP + ITU 2023
Nigeria,NGA,Sub-Saharan Africa,West Africa,transport,0.78,0.484,0.62,High,Medium,0.7,0.32,0.72,74.2,35.0,220,Frey-Osborne 2017 + ILO Task Indices + World Bank STEP + ITU 2023
Nigeria,NGA,Sub-Saharan Africa,West Africa,financial_svcs,0.72,0.446,0.62,High,Medium,0.76,0.62,0.08,74.2,35.0,220,Frey-Osborne 2017 + ILO Task Indices + World Bank STEP + ITU 2023
Nigeria,NGA,Sub-Saharan Africa,West Africa,education,0.02,0.012,0.62,Low,Low,0.12,0.9,0.22,74.2,35.0,220,Frey-Osborne 2017 + ILO Task Indices + World Bank STEP + ITU 2023
Nigeria,NGA,Sub-Saharan Africa,West Africa,domestic_svcs,0.28,0.174,0.62,Low,Low,0.32,0.28,0.8,74.2,35.0,220,Frey-Osborne 2017 + ILO Task Indices + World Bank STEP + ITU 2023
Senegal,SEN,Sub-Saharan Africa,West Africa,agriculture,0.68,0.281,0.59,High,Low,0.72,0.28,0.88,76.1,46.0,190,Frey-Osborne 2017 + ILO Task Indices + World Bank STEP + ITU 2023
Senegal,SEN,Sub-Saharan Africa,West Africa,trade_retail,0.89,0.394,0.59,High,Medium,0.82,0.32,0.42,76.1,46.0,190,Frey-Osborne 2017 + ILO Task Indices + World Bank STEP + ITU 2023
Senegal,SEN,Sub-Saharan Africa,West Africa,construction,0.71,0.419,0.59,High,Medium,0.64,0.28,0.88,76.1,46.0,190,Frey-Osborne 2017 + ILO Task Indices + World Bank STEP + ITU 2023
Senegal,SEN,Sub-Saharan Africa,West Africa,ict_services,0.38,0.281,0.59,Medium,Low,0.28,0.88,0.15,76.1,46.0,190,Frey-Osborne 2017 + ILO Task Indices + World Bank STEP + ITU 2023
Senegal,SEN,Sub-Saharan Africa,West Africa,manufacturing,0.88,0.426,0.59,High,Medium,0.86,0.22,0.78,76.1,46.0,190,Frey-Osborne 2017 + ILO Task Indices + World Bank STEP + ITU 2023
Senegal,SEN,Sub-Saharan Africa,West Africa,health_social,0.18,0.106,0.59,Low,Low,0.22,0.82,0.58,76.1,46.0,190,Frey-Osborne 2017 + ILO Task Indices + World Bank STEP + ITU 2023
Senegal,SEN,Sub-Saharan Africa,West Africa,transport,0.78,0.46,0.59,High,Medium,0.7,0.32,0.72,76.1,46.0,190,Frey-Osborne 2017 + ILO Task Indices + World Bank STEP + ITU 2023
Senegal,SEN,Sub-Saharan Africa,West Africa,financial_svcs,0.72,0.425,0.59,High,Medium,0.76,0.62,0.08,76.1,46.0,190,Frey-Osborne 2017 + ILO Task Indices + World Bank STEP + ITU 2023
Senegal,SEN,Sub-Saharan Africa,West Africa,education,0.02,0.012,0.59,Low,Low,0.12,0.9,0.22,76.1,46.0,190,Frey-Osborne 2017 + ILO Task Indices + World Bank STEP + ITU 2023
Senegal,SEN,Sub-Saharan Africa,West Africa,domestic_svcs,0.28,0.165,0.59,Low,Low,0.32,0.28,0.8,76.1,46.0,190,Frey-Osborne 2017 + ILO Task Indices + World Bank STEP + ITU 2023
Côte d'Ivoire,CIV,Sub-Saharan Africa,West Africa,agriculture,0.68,0.286,0.6,High,Low,0.72,0.28,0.88,77.8,36.0,210,Frey-Osborne 2017 + ILO Task Indices + World Bank STEP + ITU 2023
Côte d'Ivoire,CIV,Sub-Saharan Africa,West Africa,trade_retail,0.89,0.401,0.6,High,Medium,0.82,0.32,0.42,77.8,36.0,210,Frey-Osborne 2017 + ILO Task Indices + World Bank STEP + ITU 2023
Côte d'Ivoire,CIV,Sub-Saharan Africa,West Africa,construction,0.71,0.426,0.6,High,Medium,0.64,0.28,0.88,77.8,36.0,210,Frey-Osborne 2017 + ILO Task Indices + World Bank STEP + ITU 2023
Côte d'Ivoire,CIV,Sub-Saharan Africa,West Africa,ict_services,0.38,0.285,0.6,Medium,Low,0.28,0.88,0.15,77.8,36.0,210,Frey-Osborne 2017 + ILO Task Indices + World Bank STEP + ITU 2023
Côte d'Ivoire,CIV,Sub-Saharan Africa,West Africa,manufacturing,0.88,0.528,0.6,High,Medium,0.86,0.22,0.78,77.8,36.0,210,Frey-Osborne 2017 + ILO Task Indices + World Bank STEP + ITU 2023
Côte d'Ivoire,CIV,Sub-Saharan Africa,West Africa,health_social,0.18,0.108,0.6,Low,Low,0.22,0.82,0.58,77.8,36.0,210,Frey-Osborne 2017 + ILO Task Indices + World Bank STEP + ITU 2023
Côte d'Ivoire,CIV,Sub-Saharan Africa,West Africa,transport,0.78,0.468,0.6,High,Medium,0.7,0.32,0.72,77.8,36.0,210,Frey-Osborne 2017 + ILO Task Indices + World Bank STEP + ITU 2023
Côte d'Ivoire,CIV,Sub-Saharan Africa,West Africa,financial_svcs,0.72,0.432,0.6,High,Medium,0.76,0.62,0.08,77.8,36.0,210,Frey-Osborne 2017 + ILO Task Indices + World Bank STEP + ITU 2023
Côte d'Ivoire,CIV,Sub-Saharan Africa,West Africa,education,0.02,0.012,0.6,Low,Low,0.12,0.9,0.22,77.8,36.0,210,Frey-Osborne 2017 + ILO Task Indices + World Bank STEP + ITU 2023
Côte d'Ivoire,CIV,Sub-Saharan Africa,West Africa,domestic_svcs,0.28,0.168,0.6,Low,Low,0.32,0.28,0.8,77.8,36.0,210,Frey-Osborne 2017 + ILO Task Indices + World Bank STEP + ITU 2023
Mali,MLI,Sub-Saharan Africa,West Africa,agriculture,0.68,0.248,0.52,High,Low,0.72,0.28,0.88,82.1,16.0,140,Frey-Osborne 2017 + ILO Task Indices + World Bank STEP + ITU 2023
Mali,MLI,Sub-Saharan Africa,West Africa,trade_retail,0.89,0.347,0.52,High,Medium,0.82,0.32,0.42,82.1,16.0,140,Frey-Osborne 2017 + ILO Task Indices + World Bank STEP + ITU 2023
Mali,MLI,Sub-Saharan Africa,West Africa,construction,0.71,0.369,0.52,High,Medium,0.64,0.28,0.88,82.1,16.0,140,Frey-Osborne 2017 + ILO Task Indices + World Bank STEP + ITU 2023
Mali,MLI,Sub-Saharan Africa,West Africa,ict_services,0.38,0.255,0.52,Medium,Low,0.28,0.88,0.15,82.1,16.0,140,Frey-Osborne 2017 + ILO Task Indices + World Bank STEP + ITU 2023
Mali,MLI,Sub-Saharan Africa,West Africa,manufacturing,0.88,0.375,0.52,High,Medium,0.86,0.22,0.78,82.1,16.0,140,Frey-Osborne 2017 + ILO Task Indices + World Bank STEP + ITU 2023
Mali,MLI,Sub-Saharan Africa,West Africa,health_social,0.18,0.094,0.52,Low,Low,0.22,0.82,0.58,82.1,16.0,140,Frey-Osborne 2017 + ILO Task Indices + World Bank STEP + ITU 2023
Mali,MLI,Sub-Saharan Africa,West Africa,transport,0.78,0.406,0.52,High,Medium,0.7,0.32,0.72,82.1,16.0,140,Frey-Osborne 2017 + ILO Task Indices + World Bank STEP + ITU 2023
Mali,MLI,Sub-Saharan Africa,West Africa,financial_svcs,0.72,0.374,0.52,High,Medium,0.76,0.62,0.08,82.1,16.0,140,Frey-Osborne 2017 + ILO Task Indices + World Bank STEP + ITU 2023
Mali,MLI,Sub-Saharan Africa,West Africa,education,0.02,0.01,0.52,Low,Low,0.12,0.9,0.22,82.1,16.0,140,Frey-Osborne 2017 + ILO Task Indices + World Bank STEP + ITU 2023
Mali,MLI,Sub-Saharan Africa,West Africa,domestic_svcs,0.28,0.146,0.52,Low,Low,0.32,0.28,0.8,82.1,16.0,140,Frey-Osborne 2017 + ILO Task Indices + World Bank STEP + ITU 2023
Guinea,GIN,Sub-Saharan Africa,West Africa,agriculture,0.68,0.238,0.5,High,Low,0.72,0.28,0.88,84.3,18.0,120,Frey-Osborne 2017 + ILO Task Indices + World Bank STEP + ITU 2023
Guinea,GIN,Sub-Saharan Africa,West Africa,trade_retail,0.89,0.334,0.5,High,Medium,0.82,0.32,0.42,84.3,18.0,120,Frey-Osborne 2017 + ILO Task Indices + World Bank STEP + ITU 2023
Guinea,GIN,Sub-Saharan Africa,West Africa,construction,0.71,0.355,0.5,High,Medium,0.64,0.28,0.88,84.3,18.0,120,Frey-Osborne 2017 + ILO Task Indices + World Bank STEP + ITU 2023
Guinea,GIN,Sub-Saharan Africa,West Africa,ict_services,0.38,0.247,0.5,Medium,Low,0.28,0.88,0.15,84.3,18.0,120,Frey-Osborne 2017 + ILO Task Indices + World Bank STEP + ITU 2023
Guinea,GIN,Sub-Saharan Africa,West Africa,manufacturing,0.88,0.361,0.5,High,Medium,0.86,0.22,0.78,84.3,18.0,120,Frey-Osborne 2017 + ILO Task Indices + World Bank STEP + ITU 2023
Guinea,GIN,Sub-Saharan Africa,West Africa,health_social,0.18,0.09,0.5,Low,Low,0.22,0.82,0.58,84.3,18.0,120,Frey-Osborne 2017 + ILO Task Indices + World Bank STEP + ITU 2023
Guinea,GIN,Sub-Saharan Africa,West Africa,transport,0.78,0.39,0.5,High,Medium,0.7,0.32,0.72,84.3,18.0,120,Frey-Osborne 2017 + ILO Task Indices + World Bank STEP + ITU 2023
Guinea,GIN,Sub-Saharan Africa,West Africa,financial_svcs,0.72,0.36,0.5,High,Medium,0.76,0.62,0.08,84.3,18.0,120,Frey-Osborne 2017 + ILO Task Indices + World Bank STEP + ITU 2023
Guinea,GIN,Sub-Saharan Africa,West Africa,education,0.02,0.01,0.5,Low,Low,0.12,0.9,0.22,84.3,18.0,120,Frey-Osborne 2017 + ILO Task Indices + World Bank STEP + ITU 2023
Guinea,GIN,Sub-Saharan Africa,West Africa,domestic_svcs,0.28,0.14,0.5,Low,Low,0.32,0.28,0.8,84.3,18.0,120,Frey-Osborne 2017 + ILO Task Indices + World Bank STEP + ITU 2023
Kenya,KEN,Sub-Saharan Africa,East Africa,agriculture,0.68,0.3,0.63,High,Low,0.72,0.28,0.88,72.1,29.7,245,Frey-Osborne 2017 + ILO Task Indices + World Bank STEP + ITU 2023
Kenya,KEN,Sub-Saharan Africa,East Africa,trade_retail,0.89,0.421,0.63,High,Medium,0.82,0.32,0.42,72.1,29.7,245,Frey-Osborne 2017 + ILO Task Indices + World Bank STEP + ITU 2023
Kenya,KEN,Sub-Saharan Africa,East Africa,construction,0.71,0.447,0.63,High,Medium,0.64,0.28,0.88,72.1,29.7,245,Frey-Osborne 2017 + ILO Task Indices + World Bank STEP + ITU 2023
Kenya,KEN,Sub-Saharan Africa,East Africa,ict_services,0.38,0.296,0.63,Medium,Low,0.28,0.88,0.15,72.1,29.7,245,Frey-Osborne 2017 + ILO Task Indices + World Bank STEP + ITU 2023
Kenya,KEN,Sub-Saharan Africa,East Africa,manufacturing,0.88,0.554,0.63,High,Medium,0.86,0.22,0.78,72.1,29.7,245,Frey-Osborne 2017 + ILO Task Indices + World Bank STEP + ITU 2023
Kenya,KEN,Sub-Saharan Africa,East Africa,health_social,0.18,0.113,0.63,Low,Low,0.22,0.82,0.58,72.1,29.7,245,Frey-Osborne 2017 + ILO Task Indices + World Bank STEP + ITU 2023
Kenya,KEN,Sub-Saharan Africa,East Africa,transport,0.78,0.491,0.63,High,Medium,0.7,0.32,0.72,72.1,29.7,245,Frey-Osborne 2017 + ILO Task Indices + World Bank STEP + ITU 2023
Kenya,KEN,Sub-Saharan Africa,East Africa,financial_svcs,0.72,0.454,0.63,High,Medium,0.76,0.62,0.08,72.1,29.7,245,Frey-Osborne 2017 + ILO Task Indices + World Bank STEP + ITU 2023
Kenya,KEN,Sub-Saharan Africa,East Africa,education,0.02,0.013,0.63,Low,Low,0.12,0.9,0.22,72.1,29.7,245,Frey-Osborne 2017 + ILO Task Indices + World Bank STEP + ITU 2023
Kenya,KEN,Sub-Saharan Africa,East Africa,domestic_svcs,0.28,0.176,0.63,Low,Low,0.32,0.28,0.8,72.1,29.7,245,Frey-Osborne 2017 + ILO Task Indices + World Bank STEP + ITU 2023
Uganda,UGA,Sub-Saharan Africa,East Africa,agriculture,0.68,0.276,0.58,High,Low,0.72,0.28,0.88,78.6,26.2,160,Frey-Osborne 2017 + ILO Task Indices + World Bank STEP + ITU 2023
Uganda,UGA,Sub-Saharan Africa,East Africa,trade_retail,0.89,0.387,0.58,High,Medium,0.82,0.32,0.42,78.6,26.2,160,Frey-Osborne 2017 + ILO Task Indices + World Bank STEP + ITU 2023
Uganda,UGA,Sub-Saharan Africa,East Africa,construction,0.71,0.412,0.58,High,Medium,0.64,0.28,0.88,78.6,26.2,160,Frey-Osborne 2017 + ILO Task Indices + World Bank STEP + ITU 2023
Uganda,UGA,Sub-Saharan Africa,East Africa,ict_services,0.38,0.277,0.58,Medium,Low,0.28,0.88,0.15,78.6,26.2,160,Frey-Osborne 2017 + ILO Task Indices + World Bank STEP + ITU 2023
Uganda,UGA,Sub-Saharan Africa,East Africa,manufacturing,0.88,0.419,0.58,High,Medium,0.86,0.22,0.78,78.6,26.2,160,Frey-Osborne 2017 + ILO Task Indices + World Bank STEP + ITU 2023
Uganda,UGA,Sub-Saharan Africa,East Africa,health_social,0.18,0.104,0.58,Low,Low,0.22,0.82,0.58,78.6,26.2,160,Frey-Osborne 2017 + ILO Task Indices + World Bank STEP + ITU 2023
Uganda,UGA,Sub-Saharan Africa,East Africa,transport,0.78,0.452,0.58,High,Medium,0.7,0.32,0.72,78.6,26.2,160,Frey-Osborne 2017 + ILO Task Indices + World Bank STEP + ITU 2023
Uganda,UGA,Sub-Saharan Africa,East Africa,financial_svcs,0.72,0.418,0.58,High,Medium,0.76,0.62,0.08,78.6,26.2,160,Frey-Osborne 2017 + ILO Task Indices + World Bank STEP + ITU 2023
Uganda,UGA,Sub-Saharan Africa,East Africa,education,0.02,0.012,0.58,Low,Low,0.12,0.9,0.22,78.6,26.2,160,Frey-Osborne 2017 + ILO Task Indices + World Bank STEP + ITU 2023
Uganda,UGA,Sub-Saharan Africa,East Africa,domestic_svcs,0.28,0.162,0.58,Low,Low,0.32,0.28,0.8,78.6,26.2,160,Frey-Osborne 2017 + ILO Task Indices + World Bank STEP + ITU 2023
Tanzania,TZA,Sub-Saharan Africa,East Africa,agriculture,0.68,0.281,0.59,High,Low,0.72,0.28,0.88,74.8,20.2,180,Frey-Osborne 2017 + ILO Task Indices + World Bank STEP + ITU 2023
Tanzania,TZA,Sub-Saharan Africa,East Africa,trade_retail,0.89,0.394,0.59,High,Medium,0.82,0.32,0.42,74.8,20.2,180,Frey-Osborne 2017 + ILO Task Indices + World Bank STEP + ITU 2023
Tanzania,TZA,Sub-Saharan Africa,East Africa,construction,0.71,0.419,0.59,High,Medium,0.64,0.28,0.88,74.8,20.2,180,Frey-Osborne 2017 + ILO Task Indices + World Bank STEP + ITU 2023
Tanzania,TZA,Sub-Saharan Africa,East Africa,ict_services,0.38,0.281,0.59,Medium,Low,0.28,0.88,0.15,74.8,20.2,180,Frey-Osborne 2017 + ILO Task Indices + World Bank STEP + ITU 2023
Tanzania,TZA,Sub-Saharan Africa,East Africa,manufacturing,0.88,0.426,0.59,High,Medium,0.86,0.22,0.78,74.8,20.2,180,Frey-Osborne 2017 + ILO Task Indices + World Bank STEP + ITU 2023
Tanzania,TZA,Sub-Saharan Africa,East Africa,health_social,0.18,0.106,0.59,Low,Low,0.22,0.82,0.58,74.8,20.2,180,Frey-Osborne 2017 + ILO Task Indices + World Bank STEP + ITU 2023
Tanzania,TZA,Sub-Saharan Africa,East Africa,transport,0.78,0.46,0.59,High,Medium,0.7,0.32,0.72,74.8,20.2,180,Frey-Osborne 2017 + ILO Task Indices + World Bank STEP + ITU 2023
Tanzania,TZA,Sub-Saharan Africa,East Africa,financial_svcs,0.72,0.425,0.59,High,Medium,0.76,0.62,0.08,74.8,20.2,180,Frey-Osborne 2017 + ILO Task Indices + World Bank STEP + ITU 2023
Tanzania,TZA,Sub-Saharan Africa,East Africa,education,0.02,0.012,0.59,Low,Low,0.12,0.9,0.22,74.8,20.2,180,Frey-Osborne 2017 + ILO Task Indices + World Bank STEP + ITU 2023
Tanzania,TZA,Sub-Saharan Africa,East Africa,domestic_svcs,0.28,0.165,0.59,Low,Low,0.32,0.28,0.8,74.8,20.2,180,Frey-Osborne 2017 + ILO Task Indices + World Bank STEP + ITU 2023
Ethiopia,ETH,Sub-Saharan Africa,East Africa,agriculture,0.68,0.262,0.55,High,Low,0.72,0.28,0.88,80.1,14.8,140,Frey-Osborne 2017 + ILO Task Indices + World Bank STEP + ITU 2023
Ethiopia,ETH,Sub-Saharan Africa,East Africa,trade_retail,0.89,0.367,0.55,High,Medium,0.82,0.32,0.42,80.1,14.8,140,Frey-Osborne 2017 + ILO Task Indices + World Bank STEP + ITU 2023
Ethiopia,ETH,Sub-Saharan Africa,East Africa,construction,0.71,0.391,0.55,High,Medium,0.64,0.28,0.88,80.1,14.8,140,Frey-Osborne 2017 + ILO Task Indices + World Bank STEP + ITU 2023
Ethiopia,ETH,Sub-Saharan Africa,East Africa,ict_services,0.38,0.266,0.55,Medium,Low,0.28,0.88,0.15,80.1,14.8,140,Frey-Osborne 2017 + ILO Task Indices + World Bank STEP + ITU 2023
Ethiopia,ETH,Sub-Saharan Africa,East Africa,manufacturing,0.88,0.397,0.55,High,Medium,0.86,0.22,0.78,80.1,14.8,140,Frey-Osborne 2017 + ILO Task Indices + World Bank STEP + ITU 2023
Ethiopia,ETH,Sub-Saharan Africa,East Africa,health_social,0.18,0.099,0.55,Low,Low,0.22,0.82,0.58,80.1,14.8,140,Frey-Osborne 2017 + ILO Task Indices + World Bank STEP + ITU 2023
Ethiopia,ETH,Sub-Saharan Africa,East Africa,transport,0.78,0.429,0.55,High,Medium,0.7,0.32,0.72,80.1,14.8,140,Frey-Osborne 2017 + ILO Task Indices + World Bank STEP + ITU 2023
Ethiopia,ETH,Sub-Saharan Africa,East Africa,financial_svcs,0.72,0.396,0.55,High,Medium,0.76,0.62,0.08,80.1,14.8,140,Frey-Osborne 2017 + ILO Task Indices + World Bank STEP + ITU 2023
Ethiopia,ETH,Sub-Saharan Africa,East Africa,education,0.02,0.011,0.55,Low,Low,0.12,0.9,0.22,80.1,14.8,140,Frey-Osborne 2017 + ILO Task Indices + World Bank STEP + ITU 2023
Ethiopia,ETH,Sub-Saharan Africa,East Africa,domestic_svcs,0.28,0.154,0.55,Low,Low,0.32,0.28,0.8,80.1,14.8,140,Frey-Osborne 2017 + ILO Task Indices + World Bank STEP + ITU 2023
Rwanda,RWA,Sub-Saharan Africa,East Africa,agriculture,0.68,0.305,0.64,High,Medium,0.72,0.28,0.88,68.4,28.4,210,Frey-Osborne 2017 + ILO Task Indices + World Bank STEP + ITU 2023
Rwanda,RWA,Sub-Saharan Africa,East Africa,trade_retail,0.89,0.427,0.64,High,Medium,0.82,0.32,0.42,68.4,28.4,210,Frey-Osborne 2017 + ILO Task Indices + World Bank STEP + ITU 2023
Rwanda,RWA,Sub-Saharan Africa,East Africa,construction,0.71,0.454,0.64,High,Medium,0.64,0.28,0.88,68.4,28.4,210,Frey-Osborne 2017 + ILO Task Indices + World Bank STEP + ITU 2023
Rwanda,RWA,Sub-Saharan Africa,East Africa,ict_services,0.38,0.3,0.64,Medium,Medium,0.28,0.88,0.15,68.4,28.4,210,Frey-Osborne 2017 + ILO Task Indices + World Bank STEP + ITU 2023
Rwanda,RWA,Sub-Saharan Africa,East Africa,manufacturing,0.88,0.563,0.64,High,Medium,0.86,0.22,0.78,68.4,28.4,210,Frey-Osborne 2017 + ILO Task Indices + World Bank STEP + ITU 2023
Rwanda,RWA,Sub-Saharan Africa,East Africa,health_social,0.18,0.115,0.64,Low,Low,0.22,0.82,0.58,68.4,28.4,210,Frey-Osborne 2017 + ILO Task Indices + World Bank STEP + ITU 2023
Rwanda,RWA,Sub-Saharan Africa,East Africa,transport,0.78,0.499,0.64,High,Medium,0.7,0.32,0.72,68.4,28.4,210,Frey-Osborne 2017 + ILO Task Indices + World Bank STEP + ITU 2023
Rwanda,RWA,Sub-Saharan Africa,East Africa,financial_svcs,0.72,0.461,0.64,High,Medium,0.76,0.62,0.08,68.4,28.4,210,Frey-Osborne 2017 + ILO Task Indices + World Bank STEP + ITU 2023
Rwanda,RWA,Sub-Saharan Africa,East Africa,education,0.02,0.013,0.64,Low,Low,0.12,0.9,0.22,68.4,28.4,210,Frey-Osborne 2017 + ILO Task Indices + World Bank STEP + ITU 2023
Rwanda,RWA,Sub-Saharan Africa,East Africa,domestic_svcs,0.28,0.179,0.64,Low,Low,0.32,0.28,0.8,68.4,28.4,210,Frey-Osborne 2017 + ILO Task Indices + World Bank STEP + ITU 2023
Mozambique,MOZ,Sub-Saharan Africa,East Africa,agriculture,0.68,0.252,0.53,High,Low,0.72,0.28,0.88,82.4,17.0,130,Frey-Osborne 2017 + ILO Task Indices + World Bank STEP + ITU 2023
Mozambique,MOZ,Sub-Saharan Africa,East Africa,trade_retail,0.89,0.354,0.53,High,Medium,0.82,0.32,0.42,82.4,17.0,130,Frey-Osborne 2017 + ILO Task Indices + World Bank STEP + ITU 2023
Mozambique,MOZ,Sub-Saharan Africa,East Africa,construction,0.71,0.376,0.53,High,Medium,0.64,0.28,0.88,82.4,17.0,130,Frey-Osborne 2017 + ILO Task Indices + World Bank STEP + ITU 2023
Mozambique,MOZ,Sub-Saharan Africa,East Africa,ict_services,0.38,0.258,0.53,Medium,Low,0.28,0.88,0.15,82.4,17.0,130,Frey-Osborne 2017 + ILO Task Indices + World Bank STEP + ITU 2023
Mozambique,MOZ,Sub-Saharan Africa,East Africa,manufacturing,0.88,0.382,0.53,High,Medium,0.86,0.22,0.78,82.4,17.0,130,Frey-Osborne 2017 + ILO Task Indices + World Bank STEP + ITU 2023
Mozambique,MOZ,Sub-Saharan Africa,East Africa,health_social,0.18,0.095,0.53,Low,Low,0.22,0.82,0.58,82.4,17.0,130,Frey-Osborne 2017 + ILO Task Indices + World Bank STEP + ITU 2023
Mozambique,MOZ,Sub-Saharan Africa,East Africa,transport,0.78,0.413,0.53,High,Medium,0.7,0.32,0.72,82.4,17.0,130,Frey-Osborne 2017 + ILO Task Indices + World Bank STEP + ITU 2023
Mozambique,MOZ,Sub-Saharan Africa,East Africa,financial_svcs,0.72,0.382,0.53,High,Medium,0.76,0.62,0.08,82.4,17.0,130,Frey-Osborne 2017 + ILO Task Indices + World Bank STEP + ITU 2023
Mozambique,MOZ,Sub-Saharan Africa,East Africa,education,0.02,0.011,0.53,Low,Low,0.12,0.9,0.22,82.4,17.0,130,Frey-Osborne 2017 + ILO Task Indices + World Bank STEP + ITU 2023
Mozambique,MOZ,Sub-Saharan Africa,East Africa,domestic_svcs,0.28,0.148,0.53,Low,Low,0.32,0.28,0.8,82.4,17.0,130,Frey-Osborne 2017 + ILO Task Indices + World Bank STEP + ITU 2023
Zambia,ZMB,Sub-Saharan Africa,East Africa,agriculture,0.68,0.271,0.57,High,Low,0.72,0.28,0.88,78.2,16.0,155,Frey-Osborne 2017 + ILO Task Indices + World Bank STEP + ITU 2023
Zambia,ZMB,Sub-Saharan Africa,East Africa,trade_retail,0.89,0.38,0.57,High,Medium,0.82,0.32,0.42,78.2,16.0,155,Frey-Osborne 2017 + ILO Task Indices + World Bank STEP + ITU 2023
Zambia,ZMB,Sub-Saharan Africa,East Africa,construction,0.71,0.405,0.57,High,Medium,0.64,0.28,0.88,78.2,16.0,155,Frey-Osborne 2017 + ILO Task Indices + World Bank STEP + ITU 2023
Zambia,ZMB,Sub-Saharan Africa,East Africa,ict_services,0.38,0.274,0.57,Medium,Low,0.28,0.88,0.15,78.2,16.0,155,Frey-Osborne 2017 + ILO Task Indices + World Bank STEP + ITU 2023
Zambia,ZMB,Sub-Saharan Africa,East Africa,manufacturing,0.88,0.411,0.57,High,Medium,0.86,0.22,0.78,78.2,16.0,155,Frey-Osborne 2017 + ILO Task Indices + World Bank STEP + ITU 2023
Zambia,ZMB,Sub-Saharan Africa,East Africa,health_social,0.18,0.103,0.57,Low,Low,0.22,0.82,0.58,78.2,16.0,155,Frey-Osborne 2017 + ILO Task Indices + World Bank STEP + ITU 2023
Zambia,ZMB,Sub-Saharan Africa,East Africa,transport,0.78,0.445,0.57,High,Medium,0.7,0.32,0.72,78.2,16.0,155,Frey-Osborne 2017 + ILO Task Indices + World Bank STEP + ITU 2023
Zambia,ZMB,Sub-Saharan Africa,East Africa,financial_svcs,0.72,0.41,0.57,High,Medium,0.76,0.62,0.08,78.2,16.0,155,Frey-Osborne 2017 + ILO Task Indices + World Bank STEP + ITU 2023
Zambia,ZMB,Sub-Saharan Africa,East Africa,education,0.02,0.011,0.57,Low,Low,0.12,0.9,0.22,78.2,16.0,155,Frey-Osborne 2017 + ILO Task Indices + World Bank STEP + ITU 2023
Zambia,ZMB,Sub-Saharan Africa,East Africa,domestic_svcs,0.28,0.16,0.57,Low,Low,0.32,0.28,0.8,78.2,16.0,155,Frey-Osborne 2017 + ILO Task Indices + World Bank STEP + ITU 2023
South Africa,ZAF,Sub-Saharan Africa,Southern Africa,agriculture,0.68,0.517,0.76,High,Medium,0.72,0.28,0.88,34.2,68.2,820,Frey-Osborne 2017 + ILO Task Indices + World Bank STEP + ITU 2023
South Africa,ZAF,Sub-Saharan Africa,Southern Africa,trade_retail,0.89,0.676,0.76,High,High,0.82,0.32,0.42,34.2,68.2,820,Frey-Osborne 2017 + ILO Task Indices + World Bank STEP + ITU 2023
South Africa,ZAF,Sub-Saharan Africa,Southern Africa,construction,0.71,0.54,0.76,High,Medium,0.64,0.28,0.88,34.2,68.2,820,Frey-Osborne 2017 + ILO Task Indices + World Bank STEP + ITU 2023
South Africa,ZAF,Sub-Saharan Africa,Southern Africa,ict_services,0.38,0.346,0.76,Medium,Medium,0.28,0.88,0.15,34.2,68.2,820,Frey-Osborne 2017 + ILO Task Indices + World Bank STEP + ITU 2023
South Africa,ZAF,Sub-Saharan Africa,Southern Africa,manufacturing,0.88,0.669,0.76,High,High,0.86,0.22,0.78,34.2,68.2,820,Frey-Osborne 2017 + ILO Task Indices + World Bank STEP + ITU 2023
South Africa,ZAF,Sub-Saharan Africa,Southern Africa,health_social,0.18,0.137,0.76,Low,Low,0.22,0.82,0.58,34.2,68.2,820,Frey-Osborne 2017 + ILO Task Indices + World Bank STEP + ITU 2023
South Africa,ZAF,Sub-Saharan Africa,Southern Africa,transport,0.78,0.593,0.76,High,Medium,0.7,0.32,0.72,34.2,68.2,820,Frey-Osborne 2017 + ILO Task Indices + World Bank STEP + ITU 2023
South Africa,ZAF,Sub-Saharan Africa,Southern Africa,financial_svcs,0.72,0.547,0.76,High,Medium,0.76,0.62,0.08,34.2,68.2,820,Frey-Osborne 2017 + ILO Task Indices + World Bank STEP + ITU 2023
South Africa,ZAF,Sub-Saharan Africa,Southern Africa,education,0.02,0.015,0.76,Low,Low,0.12,0.9,0.22,34.2,68.2,820,Frey-Osborne 2017 + ILO Task Indices + World Bank STEP + ITU 2023
South Africa,ZAF,Sub-Saharan Africa,Southern Africa,domestic_svcs,0.28,0.213,0.76,Low,Low,0.32,0.28,0.8,34.2,68.2,820,Frey-Osborne 2017 + ILO Task Indices + World Bank STEP + ITU 2023
Zimbabwe,ZWE,Sub-Saharan Africa,Southern Africa,agriculture,0.68,0.257,0.54,High,Low,0.72,0.28,0.88,79.4,27.6,145,Frey-Osborne 2017 + ILO Task Indices + World Bank STEP + ITU 2023
Zimbabwe,ZWE,Sub-Saharan Africa,Southern Africa,trade_retail,0.89,0.36,0.54,High,Medium,0.82,0.32,0.42,79.4,27.6,145,Frey-Osborne 2017 + ILO Task Indices + World Bank STEP + ITU 2023
Zimbabwe,ZWE,Sub-Saharan Africa,Southern Africa,construction,0.71,0.383,0.54,High,Medium,0.64,0.28,0.88,79.4,27.6,145,Frey-Osborne 2017 + ILO Task Indices + World Bank STEP + ITU 2023
Zimbabwe,ZWE,Sub-Saharan Africa,Southern Africa,ict_services,0.38,0.262,0.54,Medium,Low,0.28,0.88,0.15,79.4,27.6,145,Frey-Osborne 2017 + ILO Task Indices + World Bank STEP + ITU 2023
Zimbabwe,ZWE,Sub-Saharan Africa,Southern Africa,manufacturing,0.88,0.39,0.54,High,Medium,0.86,0.22,0.78,79.4,27.6,145,Frey-Osborne 2017 + ILO Task Indices + World Bank STEP + ITU 2023
Zimbabwe,ZWE,Sub-Saharan Africa,Southern Africa,health_social,0.18,0.097,0.54,Low,Low,0.22,0.82,0.58,79.4,27.6,145,Frey-Osborne 2017 + ILO Task Indices + World Bank STEP + ITU 2023
Zimbabwe,ZWE,Sub-Saharan Africa,Southern Africa,transport,0.78,0.421,0.54,High,Medium,0.7,0.32,0.72,79.4,27.6,145,Frey-Osborne 2017 + ILO Task Indices + World Bank STEP + ITU 2023
Zimbabwe,ZWE,Sub-Saharan Africa,Southern Africa,financial_svcs,0.72,0.389,0.54,High,Medium,0.76,0.62,0.08,79.4,27.6,145,Frey-Osborne 2017 + ILO Task Indices + World Bank STEP + ITU 2023
Zimbabwe,ZWE,Sub-Saharan Africa,Southern Africa,education,0.02,0.011,0.54,Low,Low,0.12,0.9,0.22,79.4,27.6,145,Frey-Osborne 2017 + ILO Task Indices + World Bank STEP + ITU 2023
Zimbabwe,ZWE,Sub-Saharan Africa,Southern Africa,domestic_svcs,0.28,0.151,0.54,Low,Low,0.32,0.28,0.8,79.4,27.6,145,Frey-Osborne 2017 + ILO Task Indices + World Bank STEP + ITU 2023
Malawi,MWI,Sub-Saharan Africa,Southern Africa,agriculture,0.68,0.238,0.5,High,Low,0.72,0.28,0.88,84.2,14.0,110,Frey-Osborne 2017 + ILO Task Indices + World Bank STEP + ITU 2023
Malawi,MWI,Sub-Saharan Africa,Southern Africa,trade_retail,0.89,0.334,0.5,High,Medium,0.82,0.32,0.42,84.2,14.0,110,Frey-Osborne 2017 + ILO Task Indices + World Bank STEP + ITU 2023
Malawi,MWI,Sub-Saharan Africa,Southern Africa,construction,0.71,0.355,0.5,High,Medium,0.64,0.28,0.88,84.2,14.0,110,Frey-Osborne 2017 + ILO Task Indices + World Bank STEP + ITU 2023
Malawi,MWI,Sub-Saharan Africa,Southern Africa,ict_services,0.38,0.247,0.5,Medium,Low,0.28,0.88,0.15,84.2,14.0,110,Frey-Osborne 2017 + ILO Task Indices + World Bank STEP + ITU 2023
Malawi,MWI,Sub-Saharan Africa,Southern Africa,manufacturing,0.88,0.361,0.5,High,Medium,0.86,0.22,0.78,84.2,14.0,110,Frey-Osborne 2017 + ILO Task Indices + World Bank STEP + ITU 2023
Malawi,MWI,Sub-Saharan Africa,Southern Africa,health_social,0.18,0.09,0.5,Low,Low,0.22,0.82,0.58,84.2,14.0,110,Frey-Osborne 2017 + ILO Task Indices + World Bank STEP + ITU 2023
Malawi,MWI,Sub-Saharan Africa,Southern Africa,transport,0.78,0.39,0.5,High,Medium,0.7,0.32,0.72,84.2,14.0,110,Frey-Osborne 2017 + ILO Task Indices + World Bank STEP + ITU 2023
Malawi,MWI,Sub-Saharan Africa,Southern Africa,financial_svcs,0.72,0.36,0.5,High,Medium,0.76,0.62,0.08,84.2,14.0,110,Frey-Osborne 2017 + ILO Task Indices + World Bank STEP + ITU 2023
Malawi,MWI,Sub-Saharan Africa,Southern Africa,education,0.02,0.01,0.5,Low,Low,0.12,0.9,0.22,84.2,14.0,110,Frey-Osborne 2017 + ILO Task Indices + World Bank STEP + ITU 2023
Malawi,MWI,Sub-Saharan Africa,Southern Africa,domestic_svcs,0.28,0.14,0.5,Low,Low,0.32,0.28,0.8,84.2,14.0,110,Frey-Osborne 2017 + ILO Task Indices + World Bank STEP + ITU 2023
India,IND,South Asia,South Asia,agriculture,0.68,0.49,0.72,High,Medium,0.72,0.28,0.88,66.8,46.3,380,Frey-Osborne 2017 + ILO Task Indices + World Bank STEP + ITU 2023
India,IND,South Asia,South Asia,trade_retail,0.89,0.481,0.72,High,Medium,0.82,0.32,0.42,66.8,46.3,380,Frey-Osborne 2017 + ILO Task Indices + World Bank STEP + ITU 2023
India,IND,South Asia,South Asia,construction,0.71,0.511,0.72,High,Medium,0.64,0.28,0.88,66.8,46.3,380,Frey-Osborne 2017 + ILO Task Indices + World Bank STEP + ITU 2023
India,IND,South Asia,South Asia,ict_services,0.38,0.331,0.72,Medium,Medium,0.28,0.88,0.15,66.8,46.3,380,Frey-Osborne 2017 + ILO Task Indices + World Bank STEP + ITU 2023
India,IND,South Asia,South Asia,manufacturing,0.88,0.634,0.72,High,High,0.86,0.22,0.78,66.8,46.3,380,Frey-Osborne 2017 + ILO Task Indices + World Bank STEP + ITU 2023
India,IND,South Asia,South Asia,health_social,0.18,0.13,0.72,Low,Low,0.22,0.82,0.58,66.8,46.3,380,Frey-Osborne 2017 + ILO Task Indices + World Bank STEP + ITU 2023
India,IND,South Asia,South Asia,transport,0.78,0.562,0.72,High,Medium,0.7,0.32,0.72,66.8,46.3,380,Frey-Osborne 2017 + ILO Task Indices + World Bank STEP + ITU 2023
India,IND,South Asia,South Asia,financial_svcs,0.72,0.518,0.72,High,Medium,0.76,0.62,0.08,66.8,46.3,380,Frey-Osborne 2017 + ILO Task Indices + World Bank STEP + ITU 2023
India,IND,South Asia,South Asia,education,0.02,0.014,0.72,Low,Low,0.12,0.9,0.22,66.8,46.3,380,Frey-Osborne 2017 + ILO Task Indices + World Bank STEP + ITU 2023
India,IND,South Asia,South Asia,domestic_svcs,0.28,0.202,0.72,Low,Low,0.32,0.28,0.8,66.8,46.3,380,Frey-Osborne 2017 + ILO Task Indices + World Bank STEP + ITU 2023
Bangladesh,BGD,South Asia,South Asia,agriculture,0.68,0.324,0.68,High,Medium,0.72,0.28,0.88,71.4,38.9,290,Frey-Osborne 2017 + ILO Task Indices + World Bank STEP + ITU 2023
Bangladesh,BGD,South Asia,South Asia,trade_retail,0.89,0.454,0.68,High,Medium,0.82,0.32,0.42,71.4,38.9,290,Frey-Osborne 2017 + ILO Task Indices + World Bank STEP + ITU 2023
Bangladesh,BGD,South Asia,South Asia,construction,0.71,0.483,0.68,High,Medium,0.64,0.28,0.88,71.4,38.9,290,Frey-Osborne 2017 + ILO Task Indices + World Bank STEP + ITU 2023
Bangladesh,BGD,South Asia,South Asia,ict_services,0.38,0.315,0.68,Medium,Medium,0.28,0.88,0.15,71.4,38.9,290,Frey-Osborne 2017 + ILO Task Indices + World Bank STEP + ITU 2023
Bangladesh,BGD,South Asia,South Asia,manufacturing,0.88,0.598,0.68,High,Medium,0.86,0.22,0.78,71.4,38.9,290,Frey-Osborne 2017 + ILO Task Indices + World Bank STEP + ITU 2023
Bangladesh,BGD,South Asia,South Asia,health_social,0.18,0.122,0.68,Low,Low,0.22,0.82,0.58,71.4,38.9,290,Frey-Osborne 2017 + ILO Task Indices + World Bank STEP + ITU 2023
Bangladesh,BGD,South Asia,South Asia,transport,0.78,0.53,0.68,High,Medium,0.7,0.32,0.72,71.4,38.9,290,Frey-Osborne 2017 + ILO Task Indices + World Bank STEP + ITU 2023
Bangladesh,BGD,South Asia,South Asia,financial_svcs,0.72,0.49,0.68,High,Medium,0.76,0.62,0.08,71.4,38.9,290,Frey-Osborne 2017 + ILO Task Indices + World Bank STEP + ITU 2023
Bangladesh,BGD,South Asia,South Asia,education,0.02,0.014,0.68,Low,Low,0.12,0.9,0.22,71.4,38.9,290,Frey-Osborne 2017 + ILO Task Indices + World Bank STEP + ITU 2023
Bangladesh,BGD,South Asia,South Asia,domestic_svcs,0.28,0.19,0.68,Low,Low,0.32,0.28,0.8,71.4,38.9,290,Frey-Osborne 2017 + ILO Task Indices + World Bank STEP + ITU 2023
Pakistan,PAK,South Asia,South Asia,agriculture,0.68,0.309,0.65,High,Medium,0.72,0.28,0.88,72.8,36.2,260,Frey-Osborne 2017 + ILO Task Indices + World Bank STEP + ITU 2023
Pakistan,PAK,South Asia,South Asia,trade_retail,0.89,0.434,0.65,High,Medium,0.82,0.32,0.42,72.8,36.2,260,Frey-Osborne 2017 + ILO Task Indices + World Bank STEP + ITU 2023
Pakistan,PAK,South Asia,South Asia,construction,0.71,0.461,0.65,High,Medium,0.64,0.28,0.88,72.8,36.2,260,Frey-Osborne 2017 + ILO Task Indices + World Bank STEP + ITU 2023
Pakistan,PAK,South Asia,South Asia,ict_services,0.38,0.304,0.65,Medium,Medium,0.28,0.88,0.15,72.8,36.2,260,Frey-Osborne 2017 + ILO Task Indices + World Bank STEP + ITU 2023
Pakistan,PAK,South Asia,South Asia,manufacturing,0.88,0.572,0.65,High,Medium,0.86,0.22,0.78,72.8,36.2,260,Frey-Osborne 2017 + ILO Task Indices + World Bank STEP + ITU 2023
Pakistan,PAK,South Asia,South Asia,health_social,0.18,0.117,0.65,Low,Low,0.22,0.82,0.58,72.8,36.2,260,Frey-Osborne 2017 + ILO Task Indices + World Bank STEP + ITU 2023
Pakistan,PAK,South Asia,South Asia,transport,0.78,0.507,0.65,High,Medium,0.7,0.32,0.72,72.8,36.2,260,Frey-Osborne 2017 + ILO Task Indices + World Bank STEP + ITU 2023
Pakistan,PAK,South Asia,South Asia,financial_svcs,0.72,0.468,0.65,High,Medium,0.76,0.62,0.08,72.8,36.2,260,Frey-Osborne 2017 + ILO Task Indices + World Bank STEP + ITU 2023
Pakistan,PAK,South Asia,South Asia,education,0.02,0.013,0.65,Low,Low,0.12,0.9,0.22,72.8,36.2,260,Frey-Osborne 2017 + ILO Task Indices + World Bank STEP + ITU 2023
Pakistan,PAK,South Asia,South Asia,domestic_svcs,0.28,0.182,0.65,Low,Low,0.32,0.28,0.8,72.8,36.2,260,Frey-Osborne 2017 + ILO Task Indices + World Bank STEP + ITU 2023
Nepal,NPL,South Asia,South Asia,agriculture,0.68,0.286,0.6,High,Low,0.72,0.28,0.88,76.2,34.0,200,Frey-Osborne 2017 + ILO Task Indices + World Bank STEP + ITU 2023
Nepal,NPL,South Asia,South Asia,trade_retail,0.89,0.401,0.6,High,Medium,0.82,0.32,0.42,76.2,34.0,200,Frey-Osborne 2017 + ILO Task Indices + World Bank STEP + ITU 2023
Nepal,NPL,South Asia,South Asia,construction,0.71,0.426,0.6,High,Medium,0.64,0.28,0.88,76.2,34.0,200,Frey-Osborne 2017 + ILO Task Indices + World Bank STEP + ITU 2023
Nepal,NPL,South Asia,South Asia,ict_services,0.38,0.285,0.6,Medium,Low,0.28,0.88,0.15,76.2,34.0,200,Frey-Osborne 2017 + ILO Task Indices + World Bank STEP + ITU 2023
Nepal,NPL,South Asia,South Asia,manufacturing,0.88,0.528,0.6,High,Medium,0.86,0.22,0.78,76.2,34.0,200,Frey-Osborne 2017 + ILO Task Indices + World Bank STEP + ITU 2023
Nepal,NPL,South Asia,South Asia,health_social,0.18,0.108,0.6,Low,Low,0.22,0.82,0.58,76.2,34.0,200,Frey-Osborne 2017 + ILO Task Indices + World Bank STEP + ITU 2023
Nepal,NPL,South Asia,South Asia,transport,0.78,0.468,0.6,High,Medium,0.7,0.32,0.72,76.2,34.0,200,Frey-Osborne 2017 + ILO Task Indices + World Bank STEP + ITU 2023
Nepal,NPL,South Asia,South Asia,financial_svcs,0.72,0.432,0.6,High,Medium,0.76,0.62,0.08,76.2,34.0,200,Frey-Osborne 2017 + ILO Task Indices + World Bank STEP + ITU 2023
Nepal,NPL,South Asia,South Asia,education,0.02,0.012,0.6,Low,Low,0.12,0.9,0.22,76.2,34.0,200,Frey-Osborne 2017 + ILO Task Indices + World Bank STEP + ITU 2023
Nepal,NPL,South Asia,South Asia,domestic_svcs,0.28,0.168,0.6,Low,Low,0.32,0.28,0.8,76.2,34.0,200,Frey-Osborne 2017 + ILO Task Indices + World Bank STEP + ITU 2023
Sri Lanka,LKA,South Asia,South Asia,agriculture,0.68,0.496,0.73,High,Medium,0.72,0.28,0.88,58.4,52.4,420,Frey-Osborne 2017 + ILO Task Indices + World Bank STEP + ITU 2023
Sri Lanka,LKA,South Asia,South Asia,trade_retail,0.89,0.65,0.73,High,High,0.82,0.32,0.42,58.4,52.4,420,Frey-Osborne 2017 + ILO Task Indices + World Bank STEP + ITU 2023
Sri Lanka,LKA,South Asia,South Asia,construction,0.71,0.518,0.73,High,Medium,0.64,0.28,0.88,58.4,52.4,420,Frey-Osborne 2017 + ILO Task Indices + World Bank STEP + ITU 2023
Sri Lanka,LKA,South Asia,South Asia,ict_services,0.38,0.334,0.73,Medium,Medium,0.28,0.88,0.15,58.4,52.4,420,Frey-Osborne 2017 + ILO Task Indices + World Bank STEP + ITU 2023
Sri Lanka,LKA,South Asia,South Asia,manufacturing,0.88,0.642,0.73,High,High,0.86,0.22,0.78,58.4,52.4,420,Frey-Osborne 2017 + ILO Task Indices + World Bank STEP + ITU 2023
Sri Lanka,LKA,South Asia,South Asia,health_social,0.18,0.131,0.73,Low,Low,0.22,0.82,0.58,58.4,52.4,420,Frey-Osborne 2017 + ILO Task Indices + World Bank STEP + ITU 2023
Sri Lanka,LKA,South Asia,South Asia,transport,0.78,0.569,0.73,High,Medium,0.7,0.32,0.72,58.4,52.4,420,Frey-Osborne 2017 + ILO Task Indices + World Bank STEP + ITU 2023
Sri Lanka,LKA,South Asia,South Asia,financial_svcs,0.72,0.526,0.73,High,Medium,0.76,0.62,0.08,58.4,52.4,420,Frey-Osborne 2017 + ILO Task Indices + World Bank STEP + ITU 2023
Sri Lanka,LKA,South Asia,South Asia,education,0.02,0.015,0.73,Low,Low,0.12,0.9,0.22,58.4,52.4,420,Frey-Osborne 2017 + ILO Task Indices + World Bank STEP + ITU 2023
Sri Lanka,LKA,South Asia,South Asia,domestic_svcs,0.28,0.204,0.73,Low,Low,0.32,0.28,0.8,58.4,52.4,420,Frey-Osborne 2017 + ILO Task Indices + World Bank STEP + ITU 2023
Myanmar,MMR,South Asia,South Asia,agriculture,0.68,0.286,0.6,High,Low,0.72,0.28,0.88,74.2,28.4,210,Frey-Osborne 2017 + ILO Task Indices + World Bank STEP + ITU 2023
Myanmar,MMR,South Asia,South Asia,trade_retail,0.89,0.401,0.6,High,Medium,0.82,0.32,0.42,74.2,28.4,210,Frey-Osborne 2017 + ILO Task Indices + World Bank STEP + ITU 2023
Myanmar,MMR,South Asia,South Asia,construction,0.71,0.426,0.6,High,Medium,0.64,0.28,0.88,74.2,28.4,210,Frey-Osborne 2017 + ILO Task Indices + World Bank STEP + ITU 2023
Myanmar,MMR,South Asia,South Asia,ict_services,0.38,0.285,0.6,Medium,Low,0.28,0.88,0.15,74.2,28.4,210,Frey-Osborne 2017 + ILO Task Indices + World Bank STEP + ITU 2023
Myanmar,MMR,South Asia,South Asia,manufacturing,0.88,0.528,0.6,High,Medium,0.86,0.22,0.78,74.2,28.4,210,Frey-Osborne 2017 + ILO Task Indices + World Bank STEP + ITU 2023
Myanmar,MMR,South Asia,South Asia,health_social,0.18,0.108,0.6,Low,Low,0.22,0.82,0.58,74.2,28.4,210,Frey-Osborne 2017 + ILO Task Indices + World Bank STEP + ITU 2023
Myanmar,MMR,South Asia,South Asia,transport,0.78,0.468,0.6,High,Medium,0.7,0.32,0.72,74.2,28.4,210,Frey-Osborne 2017 + ILO Task Indices + World Bank STEP + ITU 2023
Myanmar,MMR,South Asia,South Asia,financial_svcs,0.72,0.432,0.6,High,Medium,0.76,0.62,0.08,74.2,28.4,210,Frey-Osborne 2017 + ILO Task Indices + World Bank STEP + ITU 2023
Myanmar,MMR,South Asia,South Asia,education,0.02,0.012,0.6,Low,Low,0.12,0.9,0.22,74.2,28.4,210,Frey-Osborne 2017 + ILO Task Indices + World Bank STEP + ITU 2023
Myanmar,MMR,South Asia,South Asia,domestic_svcs,0.28,0.168,0.6,Low,Low,0.32,0.28,0.8,74.2,28.4,210,Frey-Osborne 2017 + ILO Task Indices + World Bank STEP + ITU 2023
Malaysia,MYS,Southeast Asia,Southeast Asia,agriculture,0.68,0.571,0.84,High,Medium,0.72,0.28,0.88,28.4,89.6,1240,Frey-Osborne 2017 + ILO Task Indices + World Bank STEP + ITU 2023
Malaysia,MYS,Southeast Asia,Southeast Asia,trade_retail,0.89,0.748,0.84,High,High,0.82,0.32,0.42,28.4,89.6,1240,Frey-Osborne 2017 + ILO Task Indices + World Bank STEP + ITU 2023
Malaysia,MYS,Southeast Asia,Southeast Asia,construction,0.71,0.596,0.84,High,Medium,0.64,0.28,0.88,28.4,89.6,1240,Frey-Osborne 2017 + ILO Task Indices + World Bank STEP + ITU 2023
Malaysia,MYS,Southeast Asia,Southeast Asia,ict_services,0.38,0.361,0.84,Medium,Medium,0.28,0.88,0.15,28.4,89.6,1240,Frey-Osborne 2017 + ILO Task Indices + World Bank STEP + ITU 2023
Malaysia,MYS,Southeast Asia,Southeast Asia,manufacturing,0.88,0.739,0.84,High,High,0.86,0.22,0.78,28.4,89.6,1240,Frey-Osborne 2017 + ILO Task Indices + World Bank STEP + ITU 2023
Malaysia,MYS,Southeast Asia,Southeast Asia,health_social,0.18,0.151,0.84,Low,Low,0.22,0.82,0.58,28.4,89.6,1240,Frey-Osborne 2017 + ILO Task Indices + World Bank STEP + ITU 2023
Malaysia,MYS,Southeast Asia,Southeast Asia,transport,0.78,0.655,0.84,High,High,0.7,0.32,0.72,28.4,89.6,1240,Frey-Osborne 2017 + ILO Task Indices + World Bank STEP + ITU 2023
Malaysia,MYS,Southeast Asia,Southeast Asia,financial_svcs,0.72,0.605,0.84,High,High,0.76,0.62,0.08,28.4,89.6,1240,Frey-Osborne 2017 + ILO Task Indices + World Bank STEP + ITU 2023
Malaysia,MYS,Southeast Asia,Southeast Asia,education,0.02,0.017,0.84,Low,Low,0.12,0.9,0.22,28.4,89.6,1240,Frey-Osborne 2017 + ILO Task Indices + World Bank STEP + ITU 2023
Malaysia,MYS,Southeast Asia,Southeast Asia,domestic_svcs,0.28,0.235,0.84,Low,Low,0.32,0.28,0.8,28.4,89.6,1240,Frey-Osborne 2017 + ILO Task Indices + World Bank STEP + ITU 2023
Indonesia,IDN,Southeast Asia,Southeast Asia,agriculture,0.68,0.503,0.74,High,Medium,0.72,0.28,0.88,58.2,62.1,480,Frey-Osborne 2017 + ILO Task Indices + World Bank STEP + ITU 2023
Indonesia,IDN,Southeast Asia,Southeast Asia,trade_retail,0.89,0.659,0.74,High,High,0.82,0.32,0.42,58.2,62.1,480,Frey-Osborne 2017 + ILO Task Indices + World Bank STEP + ITU 2023
Indonesia,IDN,Southeast Asia,Southeast Asia,construction,0.71,0.525,0.74,High,Medium,0.64,0.28,0.88,58.2,62.1,480,Frey-Osborne 2017 + ILO Task Indices + World Bank STEP + ITU 2023
Indonesia,IDN,Southeast Asia,Southeast Asia,ict_services,0.38,0.338,0.74,Medium,Medium,0.28,0.88,0.15,58.2,62.1,480,Frey-Osborne 2017 + ILO Task Indices + World Bank STEP + ITU 2023
Indonesia,IDN,Southeast Asia,Southeast Asia,manufacturing,0.88,0.651,0.74,High,High,0.86,0.22,0.78,58.2,62.1,480,Frey-Osborne 2017 + ILO Task Indices + World Bank STEP + ITU 2023
Indonesia,IDN,Southeast Asia,Southeast Asia,health_social,0.18,0.133,0.74,Low,Low,0.22,0.82,0.58,58.2,62.1,480,Frey-Osborne 2017 + ILO Task Indices + World Bank STEP + ITU 2023
Indonesia,IDN,Southeast Asia,Southeast Asia,transport,0.78,0.577,0.74,High,Medium,0.7,0.32,0.72,58.2,62.1,480,Frey-Osborne 2017 + ILO Task Indices + World Bank STEP + ITU 2023
Indonesia,IDN,Southeast Asia,Southeast Asia,financial_svcs,0.72,0.533,0.74,High,Medium,0.76,0.62,0.08,58.2,62.1,480,Frey-Osborne 2017 + ILO Task Indices + World Bank STEP + ITU 2023
Indonesia,IDN,Southeast Asia,Southeast Asia,education,0.02,0.015,0.74,Low,Low,0.12,0.9,0.22,58.2,62.1,480,Frey-Osborne 2017 + ILO Task Indices + World Bank STEP + ITU 2023
Indonesia,IDN,Southeast Asia,Southeast Asia,domestic_svcs,0.28,0.207,0.74,Low,Low,0.32,0.28,0.8,58.2,62.1,480,Frey-Osborne 2017 + ILO Task Indices + World Bank STEP + ITU 2023
Philippines,PHL,Southeast Asia,Southeast Asia,agriculture,0.68,0.49,0.72,High,Medium,0.72,0.28,0.88,62.4,67.0,420,Frey-Osborne 2017 + ILO Task Indices + World Bank STEP + ITU 2023
Philippines,PHL,Southeast Asia,Southeast Asia,trade_retail,0.89,0.641,0.72,High,High,0.82,0.32,0.42,62.4,67.0,420,Frey-Osborne 2017 + ILO Task Indices + World Bank STEP + ITU 2023
Philippines,PHL,Southeast Asia,Southeast Asia,construction,0.71,0.511,0.72,High,Medium,0.64,0.28,0.88,62.4,67.0,420,Frey-Osborne 2017 + ILO Task Indices + World Bank STEP + ITU 2023
Philippines,PHL,Southeast Asia,Southeast Asia,ict_services,0.38,0.331,0.72,Medium,Medium,0.28,0.88,0.15,62.4,67.0,420,Frey-Osborne 2017 + ILO Task Indices + World Bank STEP + ITU 2023
Philippines,PHL,Southeast Asia,Southeast Asia,manufacturing,0.88,0.634,0.72,High,High,0.86,0.22,0.78,62.4,67.0,420,Frey-Osborne 2017 + ILO Task Indices + World Bank STEP + ITU 2023
Philippines,PHL,Southeast Asia,Southeast Asia,health_social,0.18,0.13,0.72,Low,Low,0.22,0.82,0.58,62.4,67.0,420,Frey-Osborne 2017 + ILO Task Indices + World Bank STEP + ITU 2023
Philippines,PHL,Southeast Asia,Southeast Asia,transport,0.78,0.562,0.72,High,Medium,0.7,0.32,0.72,62.4,67.0,420,Frey-Osborne 2017 + ILO Task Indices + World Bank STEP + ITU 2023
Philippines,PHL,Southeast Asia,Southeast Asia,financial_svcs,0.72,0.518,0.72,High,Medium,0.76,0.62,0.08,62.4,67.0,420,Frey-Osborne 2017 + ILO Task Indices + World Bank STEP + ITU 2023
Philippines,PHL,Southeast Asia,Southeast Asia,education,0.02,0.014,0.72,Low,Low,0.12,0.9,0.22,62.4,67.0,420,Frey-Osborne 2017 + ILO Task Indices + World Bank STEP + ITU 2023
Philippines,PHL,Southeast Asia,Southeast Asia,domestic_svcs,0.28,0.202,0.72,Low,Low,0.32,0.28,0.8,62.4,67.0,420,Frey-Osborne 2017 + ILO Task Indices + World Bank STEP + ITU 2023
Vietnam,VNM,Southeast Asia,Southeast Asia,agriculture,0.68,0.517,0.76,High,Medium,0.72,0.28,0.88,54.6,73.2,580,Frey-Osborne 2017 + ILO Task Indices + World Bank STEP + ITU 2023
Vietnam,VNM,Southeast Asia,Southeast Asia,trade_retail,0.89,0.676,0.76,High,High,0.82,0.32,0.42,54.6,73.2,580,Frey-Osborne 2017 + ILO Task Indices + World Bank STEP + ITU 2023
Vietnam,VNM,Southeast Asia,Southeast Asia,construction,0.71,0.54,0.76,High,Medium,0.64,0.28,0.88,54.6,73.2,580,Frey-Osborne 2017 + ILO Task Indices + World Bank STEP + ITU 2023
Vietnam,VNM,Southeast Asia,Southeast Asia,ict_services,0.38,0.346,0.76,Medium,Medium,0.28,0.88,0.15,54.6,73.2,580,Frey-Osborne 2017 + ILO Task Indices + World Bank STEP + ITU 2023
Vietnam,VNM,Southeast Asia,Southeast Asia,manufacturing,0.88,0.669,0.76,High,High,0.86,0.22,0.78,54.6,73.2,580,Frey-Osborne 2017 + ILO Task Indices + World Bank STEP + ITU 2023
Vietnam,VNM,Southeast Asia,Southeast Asia,health_social,0.18,0.137,0.76,Low,Low,0.22,0.82,0.58,54.6,73.2,580,Frey-Osborne 2017 + ILO Task Indices + World Bank STEP + ITU 2023
Vietnam,VNM,Southeast Asia,Southeast Asia,transport,0.78,0.593,0.76,High,Medium,0.7,0.32,0.72,54.6,73.2,580,Frey-Osborne 2017 + ILO Task Indices + World Bank STEP + ITU 2023
Vietnam,VNM,Southeast Asia,Southeast Asia,financial_svcs,0.72,0.547,0.76,High,Medium,0.76,0.62,0.08,54.6,73.2,580,Frey-Osborne 2017 + ILO Task Indices + World Bank STEP + ITU 2023
Vietnam,VNM,Southeast Asia,Southeast Asia,education,0.02,0.015,0.76,Low,Low,0.12,0.9,0.22,54.6,73.2,580,Frey-Osborne 2017 + ILO Task Indices + World Bank STEP + ITU 2023
Vietnam,VNM,Southeast Asia,Southeast Asia,domestic_svcs,0.28,0.213,0.76,Low,Low,0.32,0.28,0.8,54.6,73.2,580,Frey-Osborne 2017 + ILO Task Indices + World Bank STEP + ITU 2023
Thailand,THA,Southeast Asia,Southeast Asia,agriculture,0.68,0.537,0.79,High,Medium,0.72,0.28,0.88,42.4,77.8,720,Frey-Osborne 2017 + ILO Task Indices + World Bank STEP + ITU 2023
Thailand,THA,Southeast Asia,Southeast Asia,trade_retail,0.89,0.703,0.79,High,High,0.82,0.32,0.42,42.4,77.8,720,Frey-Osborne 2017 + ILO Task Indices + World Bank STEP + ITU 2023
Thailand,THA,Southeast Asia,Southeast Asia,construction,0.71,0.561,0.79,High,Medium,0.64,0.28,0.88,42.4,77.8,720,Frey-Osborne 2017 + ILO Task Indices + World Bank STEP + ITU 2023
Thailand,THA,Southeast Asia,Southeast Asia,ict_services,0.38,0.357,0.79,Medium,Medium,0.28,0.88,0.15,42.4,77.8,720,Frey-Osborne 2017 + ILO Task Indices + World Bank STEP + ITU 2023
Thailand,THA,Southeast Asia,Southeast Asia,manufacturing,0.88,0.695,0.79,High,High,0.86,0.22,0.78,42.4,77.8,720,Frey-Osborne 2017 + ILO Task Indices + World Bank STEP + ITU 2023
Thailand,THA,Southeast Asia,Southeast Asia,health_social,0.18,0.142,0.79,Low,Low,0.22,0.82,0.58,42.4,77.8,720,Frey-Osborne 2017 + ILO Task Indices + World Bank STEP + ITU 2023
Thailand,THA,Southeast Asia,Southeast Asia,transport,0.78,0.616,0.79,High,High,0.7,0.32,0.72,42.4,77.8,720,Frey-Osborne 2017 + ILO Task Indices + World Bank STEP + ITU 2023
Thailand,THA,Southeast Asia,Southeast Asia,financial_svcs,0.72,0.569,0.79,High,Medium,0.76,0.62,0.08,42.4,77.8,720,Frey-Osborne 2017 + ILO Task Indices + World Bank STEP + ITU 2023
Thailand,THA,Southeast Asia,Southeast Asia,education,0.02,0.016,0.79,Low,Low,0.12,0.9,0.22,42.4,77.8,720,Frey-Osborne 2017 + ILO Task Indices + World Bank STEP + ITU 2023
Thailand,THA,Southeast Asia,Southeast Asia,domestic_svcs,0.28,0.221,0.79,Low,Low,0.32,0.28,0.8,42.4,77.8,720,Frey-Osborne 2017 + ILO Task Indices + World Bank STEP + ITU 2023
Cambodia,KHM,Southeast Asia,Southeast Asia,agriculture,0.68,0.295,0.62,High,Low,0.72,0.28,0.88,70.2,49.8,240,Frey-Osborne 2017 + ILO Task Indices + World Bank STEP + ITU 2023
Cambodia,KHM,Southeast Asia,Southeast Asia,trade_retail,0.89,0.414,0.62,High,Medium,0.82,0.32,0.42,70.2,49.8,240,Frey-Osborne 2017 + ILO Task Indices + World Bank STEP + ITU 2023
Cambodia,KHM,Southeast Asia,Southeast Asia,construction,0.71,0.44,0.62,High,Medium,0.64,0.28,0.88,70.2,49.8,240,Frey-Osborne 2017 + ILO Task Indices + World Bank STEP + ITU 2023
Cambodia,KHM,Southeast Asia,Southeast Asia,ict_services,0.38,0.293,0.62,Medium,Low,0.28,0.88,0.15,70.2,49.8,240,Frey-Osborne 2017 + ILO Task Indices + World Bank STEP + ITU 2023
Cambodia,KHM,Southeast Asia,Southeast Asia,manufacturing,0.88,0.546,0.62,High,Medium,0.86,0.22,0.78,70.2,49.8,240,Frey-Osborne 2017 + ILO Task Indices + World Bank STEP + ITU 2023
Cambodia,KHM,Southeast Asia,Southeast Asia,health_social,0.18,0.112,0.62,Low,Low,0.22,0.82,0.58,70.2,49.8,240,Frey-Osborne 2017 + ILO Task Indices + World Bank STEP + ITU 2023
Cambodia,KHM,Southeast Asia,Southeast Asia,transport,0.78,0.484,0.62,High,Medium,0.7,0.32,0.72,70.2,49.8,240,Frey-Osborne 2017 + ILO Task Indices + World Bank STEP + ITU 2023
Cambodia,KHM,Southeast Asia,Southeast Asia,financial_svcs,0.72,0.446,0.62,High,Medium,0.76,0.62,0.08,70.2,49.8,240,Frey-Osborne 2017 + ILO Task Indices + World Bank STEP + ITU 2023
Cambodia,KHM,Southeast Asia,Southeast Asia,education,0.02,0.012,0.62,Low,Low,0.12,0.9,0.22,70.2,49.8,240,Frey-Osborne 2017 + ILO Task Indices + World Bank STEP + ITU 2023
Cambodia,KHM,Southeast Asia,Southeast Asia,domestic_svcs,0.28,0.174,0.62,Low,Low,0.32,0.28,0.8,70.2,49.8,240,Frey-Osborne 2017 + ILO Task Indices + World Bank STEP + ITU 2023
Laos,LAO,Southeast Asia,Southeast Asia,agriculture,0.68,0.276,0.58,High,Low,0.72,0.28,0.88,76.8,32.6,195,Frey-Osborne 2017 + ILO Task Indices + World Bank STEP + ITU 2023
Laos,LAO,Southeast Asia,Southeast Asia,trade_retail,0.89,0.387,0.58,High,Medium,0.82,0.32,0.42,76.8,32.6,195,Frey-Osborne 2017 + ILO Task Indices + World Bank STEP + ITU 2023
Laos,LAO,Southeast Asia,Southeast Asia,construction,0.71,0.412,0.58,High,Medium,0.64,0.28,0.88,76.8,32.6,195,Frey-Osborne 2017 + ILO Task Indices + World Bank STEP + ITU 2023
Laos,LAO,Southeast Asia,Southeast Asia,ict_services,0.38,0.277,0.58,Medium,Low,0.28,0.88,0.15,76.8,32.6,195,Frey-Osborne 2017 + ILO Task Indices + World Bank STEP + ITU 2023
Laos,LAO,Southeast Asia,Southeast Asia,manufacturing,0.88,0.419,0.58,High,Medium,0.86,0.22,0.78,76.8,32.6,195,Frey-Osborne 2017 + ILO Task Indices + World Bank STEP + ITU 2023
Laos,LAO,Southeast Asia,Southeast Asia,health_social,0.18,0.104,0.58,Low,Low,0.22,0.82,0.58,76.8,32.6,195,Frey-Osborne 2017 + ILO Task Indices + World Bank STEP + ITU 2023
Laos,LAO,Southeast Asia,Southeast Asia,transport,0.78,0.452,0.58,High,Medium,0.7,0.32,0.72,76.8,32.6,195,Frey-Osborne 2017 + ILO Task Indices + World Bank STEP + ITU 2023
Laos,LAO,Southeast Asia,Southeast Asia,financial_svcs,0.72,0.418,0.58,High,Medium,0.76,0.62,0.08,76.8,32.6,195,Frey-Osborne 2017 + ILO Task Indices + World Bank STEP + ITU 2023
Laos,LAO,Southeast Asia,Southeast Asia,education,0.02,0.012,0.58,Low,Low,0.12,0.9,0.22,76.8,32.6,195,Frey-Osborne 2017 + ILO Task Indices + World Bank STEP + ITU 2023
Laos,LAO,Southeast Asia,Southeast Asia,domestic_svcs,0.28,0.162,0.58,Low,Low,0.32,0.28,0.8,76.8,32.6,195,Frey-Osborne 2017 + ILO Task Indices + World Bank STEP + ITU 2023
Morocco,MAR,MENA,North Africa,agriculture,0.68,0.49,0.72,High,Medium,0.72,0.28,0.88,46.8,84.1,540,Frey-Osborne 2017 + ILO Task Indices + World Bank STEP + ITU 2023
Morocco,MAR,MENA,North Africa,trade_retail,0.89,0.641,0.72,High,High,0.82,0.32,0.42,46.8,84.1,540,Frey-Osborne 2017 + ILO Task Indices + World Bank STEP + ITU 2023
Morocco,MAR,MENA,North Africa,construction,0.71,0.511,0.72,High,Medium,0.64,0.28,0.88,46.8,84.1,540,Frey-Osborne 2017 + ILO Task Indices + World Bank STEP + ITU 2023
Morocco,MAR,MENA,North Africa,ict_services,0.38,0.331,0.72,Medium,Medium,0.28,0.88,0.15,46.8,84.1,540,Frey-Osborne 2017 + ILO Task Indices + World Bank STEP + ITU 2023
Morocco,MAR,MENA,North Africa,manufacturing,0.88,0.634,0.72,High,High,0.86,0.22,0.78,46.8,84.1,540,Frey-Osborne 2017 + ILO Task Indices + World Bank STEP + ITU 2023
Morocco,MAR,MENA,North Africa,health_social,0.18,0.13,0.72,Low,Low,0.22,0.82,0.58,46.8,84.1,540,Frey-Osborne 2017 + ILO Task Indices + World Bank STEP + ITU 2023
Morocco,MAR,MENA,North Africa,transport,0.78,0.562,0.72,High,Medium,0.7,0.32,0.72,46.8,84.1,540,Frey-Osborne 2017 + ILO Task Indices + World Bank STEP + ITU 2023
Morocco,MAR,MENA,North Africa,financial_svcs,0.72,0.518,0.72,High,Medium,0.76,0.62,0.08,46.8,84.1,540,Frey-Osborne 2017 + ILO Task Indices + World Bank STEP + ITU 2023
Morocco,MAR,MENA,North Africa,education,0.02,0.014,0.72,Low,Low,0.12,0.9,0.22,46.8,84.1,540,Frey-Osborne 2017 + ILO Task Indices + World Bank STEP + ITU 2023
Morocco,MAR,MENA,North Africa,domestic_svcs,0.28,0.202,0.72,Low,Low,0.32,0.28,0.8,46.8,84.1,540,Frey-Osborne 2017 + ILO Task Indices + World Bank STEP + ITU 2023
Egypt,EGY,MENA,North Africa,agriculture,0.68,0.476,0.7,High,Medium,0.72,0.28,0.88,52.1,71.9,420,Frey-Osborne 2017 + ILO Task Indices + World Bank STEP + ITU 2023
Egypt,EGY,MENA,North Africa,trade_retail,0.89,0.623,0.7,High,High,0.82,0.32,0.42,52.1,71.9,420,Frey-Osborne 2017 + ILO Task Indices + World Bank STEP + ITU 2023
Egypt,EGY,MENA,North Africa,construction,0.71,0.497,0.7,High,Medium,0.64,0.28,0.88,52.1,71.9,420,Frey-Osborne 2017 + ILO Task Indices + World Bank STEP + ITU 2023
Egypt,EGY,MENA,North Africa,ict_services,0.38,0.323,0.7,Medium,Medium,0.28,0.88,0.15,52.1,71.9,420,Frey-Osborne 2017 + ILO Task Indices + World Bank STEP + ITU 2023
Egypt,EGY,MENA,North Africa,manufacturing,0.88,0.616,0.7,High,High,0.86,0.22,0.78,52.1,71.9,420,Frey-Osborne 2017 + ILO Task Indices + World Bank STEP + ITU 2023
Egypt,EGY,MENA,North Africa,health_social,0.18,0.126,0.7,Low,Low,0.22,0.82,0.58,52.1,71.9,420,Frey-Osborne 2017 + ILO Task Indices + World Bank STEP + ITU 2023
Egypt,EGY,MENA,North Africa,transport,0.78,0.546,0.7,High,Medium,0.7,0.32,0.72,52.1,71.9,420,Frey-Osborne 2017 + ILO Task Indices + World Bank STEP + ITU 2023
Egypt,EGY,MENA,North Africa,financial_svcs,0.72,0.504,0.7,High,Medium,0.76,0.62,0.08,52.1,71.9,420,Frey-Osborne 2017 + ILO Task Indices + World Bank STEP + ITU 2023
Egypt,EGY,MENA,North Africa,education,0.02,0.014,0.7,Low,Low,0.12,0.9,0.22,52.1,71.9,420,Frey-Osborne 2017 + ILO Task Indices + World Bank STEP + ITU 2023
Egypt,EGY,MENA,North Africa,domestic_svcs,0.28,0.196,0.7,Low,Low,0.32,0.28,0.8,52.1,71.9,420,Frey-Osborne 2017 + ILO Task Indices + World Bank STEP + ITU 2023
Tunisia,TUN,MENA,North Africa,agriculture,0.68,0.49,0.72,High,Medium,0.72,0.28,0.88,44.8,66.4,480,Frey-Osborne 2017 + ILO Task Indices + World Bank STEP + ITU 2023
Tunisia,TUN,MENA,North Africa,trade_retail,0.89,0.641,0.72,High,High,0.82,0.32,0.42,44.8,66.4,480,Frey-Osborne 2017 + ILO Task Indices + World Bank STEP + ITU 2023
Tunisia,TUN,MENA,North Africa,construction,0.71,0.511,0.72,High,Medium,0.64,0.28,0.88,44.8,66.4,480,Frey-Osborne 2017 + ILO Task Indices + World Bank STEP + ITU 2023
Tunisia,TUN,MENA,North Africa,ict_services,0.38,0.331,0.72,Medium,Medium,0.28,0.88,0.15,44.8,66.4,480,Frey-Osborne 2017 + ILO Task Indices + World Bank STEP + ITU 2023
Tunisia,TUN,MENA,North Africa,manufacturing,0.88,0.634,0.72,High,High,0.86,0.22,0.78,44.8,66.4,480,Frey-Osborne 2017 + ILO Task Indices + World Bank STEP + ITU 2023
Tunisia,TUN,MENA,North Africa,health_social,0.18,0.13,0.72,Low,Low,0.22,0.82,0.58,44.8,66.4,480,Frey-Osborne 2017 + ILO Task Indices + World Bank STEP + ITU 2023
Tunisia,TUN,MENA,North Africa,transport,0.78,0.562,0.72,High,Medium,0.7,0.32,0.72,44.8,66.4,480,Frey-Osborne 2017 + ILO Task Indices + World Bank STEP + ITU 2023
Tunisia,TUN,MENA,North Africa,financial_svcs,0.72,0.518,0.72,High,Medium,0.76,0.62,0.08,44.8,66.4,480,Frey-Osborne 2017 + ILO Task Indices + World Bank STEP + ITU 2023
Tunisia,TUN,MENA,North Africa,education,0.02,0.014,0.72,Low,Low,0.12,0.9,0.22,44.8,66.4,480,Frey-Osborne 2017 + ILO Task Indices + World Bank STEP + ITU 2023
Tunisia,TUN,MENA,North Africa,domestic_svcs,0.28,0.202,0.72,Low,Low,0.32,0.28,0.8,44.8,66.4,480,Frey-Osborne 2017 + ILO Task Indices + World Bank STEP + ITU 2023
Jordan,JOR,MENA,Levant,agriculture,0.68,0.496,0.73,High,Medium,0.72,0.28,0.88,48.2,66.0,560,Frey-Osborne 2017 + ILO Task Indices + World Bank STEP + ITU 2023
Jordan,JOR,MENA,Levant,trade_retail,0.89,0.65,0.73,High,High,0.82,0.32,0.42,48.2,66.0,560,Frey-Osborne 2017 + ILO Task Indices + World Bank STEP + ITU 2023
Jordan,JOR,MENA,Levant,construction,0.71,0.518,0.73,High,Medium,0.64,0.28,0.88,48.2,66.0,560,Frey-Osborne 2017 + ILO Task Indices + World Bank STEP + ITU 2023
Jordan,JOR,MENA,Levant,ict_services,0.38,0.334,0.73,Medium,Medium,0.28,0.88,0.15,48.2,66.0,560,Frey-Osborne 2017 + ILO Task Indices + World Bank STEP + ITU 2023
Jordan,JOR,MENA,Levant,manufacturing,0.88,0.642,0.73,High,High,0.86,0.22,0.78,48.2,66.0,560,Frey-Osborne 2017 + ILO Task Indices + World Bank STEP + ITU 2023
Jordan,JOR,MENA,Levant,health_social,0.18,0.131,0.73,Low,Low,0.22,0.82,0.58,48.2,66.0,560,Frey-Osborne 2017 + ILO Task Indices + World Bank STEP + ITU 2023
Jordan,JOR,MENA,Levant,transport,0.78,0.569,0.73,High,Medium,0.7,0.32,0.72,48.2,66.0,560,Frey-Osborne 2017 + ILO Task Indices + World Bank STEP + ITU 2023
Jordan,JOR,MENA,Levant,financial_svcs,0.72,0.526,0.73,High,Medium,0.76,0.62,0.08,48.2,66.0,560,Frey-Osborne 2017 + ILO Task Indices + World Bank STEP + ITU 2023
Jordan,JOR,MENA,Levant,education,0.02,0.015,0.73,Low,Low,0.12,0.9,0.22,48.2,66.0,560,Frey-Osborne 2017 + ILO Task Indices + World Bank STEP + ITU 2023
Jordan,JOR,MENA,Levant,domestic_svcs,0.28,0.204,0.73,Low,Low,0.32,0.28,0.8,48.2,66.0,560,Frey-Osborne 2017 + ILO Task Indices + World Bank STEP + ITU 2023
Colombia,COL,Latin America,South America,agriculture,0.68,0.53,0.78,High,Medium,0.72,0.28,0.88,58.2,73.0,580,Frey-Osborne 2017 + ILO Task Indices + World Bank STEP + ITU 2023
Colombia,COL,Latin America,South America,trade_retail,0.89,0.694,0.78,High,High,0.82,0.32,0.42,58.2,73.0,580,Frey-Osborne 2017 + ILO Task Indices + World Bank STEP + ITU 2023
Colombia,COL,Latin America,South America,construction,0.71,0.554,0.78,High,Medium,0.64,0.28,0.88,58.2,73.0,580,Frey-Osborne 2017 + ILO Task Indices + World Bank STEP + ITU 2023
Colombia,COL,Latin America,South America,ict_services,0.38,0.353,0.78,Medium,Medium,0.28,0.88,0.15,58.2,73.0,580,Frey-Osborne 2017 + ILO Task Indices + World Bank STEP + ITU 2023
Colombia,COL,Latin America,South America,manufacturing,0.88,0.686,0.78,High,High,0.86,0.22,0.78,58.2,73.0,580,Frey-Osborne 2017 + ILO Task Indices + World Bank STEP + ITU 2023
Colombia,COL,Latin America,South America,health_social,0.18,0.14,0.78,Low,Low,0.22,0.82,0.58,58.2,73.0,580,Frey-Osborne 2017 + ILO Task Indices + World Bank STEP + ITU 2023
Colombia,COL,Latin America,South America,transport,0.78,0.608,0.78,High,High,0.7,0.32,0.72,58.2,73.0,580,Frey-Osborne 2017 + ILO Task Indices + World Bank STEP + ITU 2023
Colombia,COL,Latin America,South America,financial_svcs,0.72,0.562,0.78,High,Medium,0.76,0.62,0.08,58.2,73.0,580,Frey-Osborne 2017 + ILO Task Indices + World Bank STEP + ITU 2023
Colombia,COL,Latin America,South America,education,0.02,0.016,0.78,Low,Low,0.12,0.9,0.22,58.2,73.0,580,Frey-Osborne 2017 + ILO Task Indices + World Bank STEP + ITU 2023
Colombia,COL,Latin America,South America,domestic_svcs,0.28,0.218,0.78,Low,Low,0.32,0.28,0.8,58.2,73.0,580,Frey-Osborne 2017 + ILO Task Indices + World Bank STEP + ITU 2023
Peru,PER,Latin America,South America,agriculture,0.68,0.517,0.76,High,Medium,0.72,0.28,0.88,62.4,71.6,520,Frey-Osborne 2017 + ILO Task Indices + World Bank STEP + ITU 2023
Peru,PER,Latin America,South America,trade_retail,0.89,0.676,0.76,High,High,0.82,0.32,0.42,62.4,71.6,520,Frey-Osborne 2017 + ILO Task Indices + World Bank STEP + ITU 2023
Peru,PER,Latin America,South America,construction,0.71,0.54,0.76,High,Medium,0.64,0.28,0.88,62.4,71.6,520,Frey-Osborne 2017 + ILO Task Indices + World Bank STEP + ITU 2023
Peru,PER,Latin America,South America,ict_services,0.38,0.346,0.76,Medium,Medium,0.28,0.88,0.15,62.4,71.6,520,Frey-Osborne 2017 + ILO Task Indices + World Bank STEP + ITU 2023
Peru,PER,Latin America,South America,manufacturing,0.88,0.669,0.76,High,High,0.86,0.22,0.78,62.4,71.6,520,Frey-Osborne 2017 + ILO Task Indices + World Bank STEP + ITU 2023
Peru,PER,Latin America,South America,health_social,0.18,0.137,0.76,Low,Low,0.22,0.82,0.58,62.4,71.6,520,Frey-Osborne 2017 + ILO Task Indices + World Bank STEP + ITU 2023
Peru,PER,Latin America,South America,transport,0.78,0.593,0.76,High,Medium,0.7,0.32,0.72,62.4,71.6,520,Frey-Osborne 2017 + ILO Task Indices + World Bank STEP + ITU 2023
Peru,PER,Latin America,South America,financial_svcs,0.72,0.547,0.76,High,Medium,0.76,0.62,0.08,62.4,71.6,520,Frey-Osborne 2017 + ILO Task Indices + World Bank STEP + ITU 2023
Peru,PER,Latin America,South America,education,0.02,0.015,0.76,Low,Low,0.12,0.9,0.22,62.4,71.6,520,Frey-Osborne 2017 + ILO Task Indices + World Bank STEP + ITU 2023
Peru,PER,Latin America,South America,domestic_svcs,0.28,0.213,0.76,Low,Low,0.32,0.28,0.8,62.4,71.6,520,Frey-Osborne 2017 + ILO Task Indices + World Bank STEP + ITU 2023
Bolivia,BOL,Latin America,South America,agriculture,0.68,0.462,0.68,High,Medium,0.72,0.28,0.88,68.4,54.0,360,Frey-Osborne 2017 + ILO Task Indices + World Bank STEP + ITU 2023
Bolivia,BOL,Latin America,South America,trade_retail,0.89,0.454,0.68,High,Medium,0.82,0.32,0.42,68.4,54.0,360,Frey-Osborne 2017 + ILO Task Indices + World Bank STEP + ITU 2023
Bolivia,BOL,Latin America,South America,construction,0.71,0.483,0.68,High,Medium,0.64,0.28,0.88,68.4,54.0,360,Frey-Osborne 2017 + ILO Task Indices + World Bank STEP + ITU 2023
Bolivia,BOL,Latin America,South America,ict_services,0.38,0.315,0.68,Medium,Medium,0.28,0.88,0.15,68.4,54.0,360,Frey-Osborne 2017 + ILO Task Indices + World Bank STEP + ITU 2023
Bolivia,BOL,Latin America,South America,manufacturing,0.88,0.598,0.68,High,Medium,0.86,0.22,0.78,68.4,54.0,360,Frey-Osborne 2017 + ILO Task Indices + World Bank STEP + ITU 2023
Bolivia,BOL,Latin America,South America,health_social,0.18,0.122,0.68,Low,Low,0.22,0.82,0.58,68.4,54.0,360,Frey-Osborne 2017 + ILO Task Indices + World Bank STEP + ITU 2023
Bolivia,BOL,Latin America,South America,transport,0.78,0.53,0.68,High,Medium,0.7,0.32,0.72,68.4,54.0,360,Frey-Osborne 2017 + ILO Task Indices + World Bank STEP + ITU 2023
Bolivia,BOL,Latin America,South America,financial_svcs,0.72,0.49,0.68,High,Medium,0.76,0.62,0.08,68.4,54.0,360,Frey-Osborne 2017 + ILO Task Indices + World Bank STEP + ITU 2023
Bolivia,BOL,Latin America,South America,education,0.02,0.014,0.68,Low,Low,0.12,0.9,0.22,68.4,54.0,360,Frey-Osborne 2017 + ILO Task Indices + World Bank STEP + ITU 2023
Bolivia,BOL,Latin America,South America,domestic_svcs,0.28,0.19,0.68,Low,Low,0.32,0.28,0.8,68.4,54.0,360,Frey-Osborne 2017 + ILO Task Indices + World Bank STEP + ITU 2023
Honduras,HND,Latin America,Central America,agriculture,0.68,0.462,0.68,High,Medium,0.72,0.28,0.88,72.4,32.0,320,Frey-Osborne 2017 + ILO Task Indices + World Bank STEP + ITU 2023
Honduras,HND,Latin America,Central America,trade_retail,0.89,0.454,0.68,High,Medium,0.82,0.32,0.42,72.4,32.0,320,Frey-Osborne 2017 + ILO Task Indices + World Bank STEP + ITU 2023
Honduras,HND,Latin America,Central America,construction,0.71,0.483,0.68,High,Medium,0.64,0.28,0.88,72.4,32.0,320,Frey-Osborne 2017 + ILO Task Indices + World Bank STEP + ITU 2023
Honduras,HND,Latin America,Central America,ict_services,0.38,0.315,0.68,Medium,Medium,0.28,0.88,0.15,72.4,32.0,320,Frey-Osborne 2017 + ILO Task Indices + World Bank STEP + ITU 2023
Honduras,HND,Latin America,Central America,manufacturing,0.88,0.598,0.68,High,Medium,0.86,0.22,0.78,72.4,32.0,320,Frey-Osborne 2017 + ILO Task Indices + World Bank STEP + ITU 2023
Honduras,HND,Latin America,Central America,health_social,0.18,0.122,0.68,Low,Low,0.22,0.82,0.58,72.4,32.0,320,Frey-Osborne 2017 + ILO Task Indices + World Bank STEP + ITU 2023
Honduras,HND,Latin America,Central America,transport,0.78,0.53,0.68,High,Medium,0.7,0.32,0.72,72.4,32.0,320,Frey-Osborne 2017 + ILO Task Indices + World Bank STEP + ITU 2023
Honduras,HND,Latin America,Central America,financial_svcs,0.72,0.49,0.68,High,Medium,0.76,0.62,0.08,72.4,32.0,320,Frey-Osborne 2017 + ILO Task Indices + World Bank STEP + ITU 2023
Honduras,HND,Latin America,Central America,education,0.02,0.014,0.68,Low,Low,0.12,0.9,0.22,72.4,32.0,320,Frey-Osborne 2017 + ILO Task Indices + World Bank STEP + ITU 2023
Honduras,HND,Latin America,Central America,domestic_svcs,0.28,0.19,0.68,Low,Low,0.32,0.28,0.8,72.4,32.0,320,Frey-Osborne 2017 + ILO Task Indices + World Bank STEP + ITU 2023
Haiti,HTI,Latin America,Caribbean,agriculture,0.68,0.248,0.52,High,Low,0.72,0.28,0.88,86.4,14.0,120,Frey-Osborne 2017 + ILO Task Indices + World Bank STEP + ITU 2023
Haiti,HTI,Latin America,Caribbean,trade_retail,0.89,0.347,0.52,High,Medium,0.82,0.32,0.42,86.4,14.0,120,Frey-Osborne 2017 + ILO Task Indices + World Bank STEP + ITU 2023
Haiti,HTI,Latin America,Caribbean,construction,0.71,0.369,0.52,High,Medium,0.64,0.28,0.88,86.4,14.0,120,Frey-Osborne 2017 + ILO Task Indices + World Bank STEP + ITU 2023
Haiti,HTI,Latin America,Caribbean,ict_services,0.38,0.255,0.52,Medium,Low,0.28,0.88,0.15,86.4,14.0,120,Frey-Osborne 2017 + ILO Task Indices + World Bank STEP + ITU 2023
Haiti,HTI,Latin America,Caribbean,manufacturing,0.88,0.375,0.52,High,Medium,0.86,0.22,0.78,86.4,14.0,120,Frey-Osborne 2017 + ILO Task Indices + World Bank STEP + ITU 2023
Haiti,HTI,Latin America,Caribbean,health_social,0.18,0.094,0.52,Low,Low,0.22,0.82,0.58,86.4,14.0,120,Frey-Osborne 2017 + ILO Task Indices + World Bank STEP + ITU 2023
Haiti,HTI,Latin America,Caribbean,transport,0.78,0.406,0.52,High,Medium,0.7,0.32,0.72,86.4,14.0,120,Frey-Osborne 2017 + ILO Task Indices + World Bank STEP + ITU 2023
Haiti,HTI,Latin America,Caribbean,financial_svcs,0.72,0.374,0.52,High,Medium,0.76,0.62,0.08,86.4,14.0,120,Frey-Osborne 2017 + ILO Task Indices + World Bank STEP + ITU 2023
Haiti,HTI,Latin America,Caribbean,education,0.02,0.01,0.52,Low,Low,0.12,0.9,0.22,86.4,14.0,120,Frey-Osborne 2017 + ILO Task Indices + World Bank STEP + ITU 2023
Haiti,HTI,Latin America,Caribbean,domestic_svcs,0.28,0.146,0.52,Low,Low,0.32,0.28,0.8,86.4,14.0,120,Frey-Osborne 2017 + ILO Task Indices + World Bank STEP + ITU 2023
Uzbekistan,UZB,Central Asia,Central Asia,agriculture,0.68,0.462,0.68,High,Medium,0.72,0.28,0.88,58.4,54.8,340,Frey-Osborne 2017 + ILO Task Indices + World Bank STEP + ITU 2023
Uzbekistan,UZB,Central Asia,Central Asia,trade_retail,0.89,0.605,0.68,High,High,0.82,0.32,0.42,58.4,54.8,340,Frey-Osborne 2017 + ILO Task Indices + World Bank STEP + ITU 2023
Uzbekistan,UZB,Central Asia,Central Asia,construction,0.71,0.483,0.68,High,Medium,0.64,0.28,0.88,58.4,54.8,340,Frey-Osborne 2017 + ILO Task Indices + World Bank STEP + ITU 2023
Uzbekistan,UZB,Central Asia,Central Asia,ict_services,0.38,0.315,0.68,Medium,Medium,0.28,0.88,0.15,58.4,54.8,340,Frey-Osborne 2017 + ILO Task Indices + World Bank STEP + ITU 2023
Uzbekistan,UZB,Central Asia,Central Asia,manufacturing,0.88,0.598,0.68,High,Medium,0.86,0.22,0.78,58.4,54.8,340,Frey-Osborne 2017 + ILO Task Indices + World Bank STEP + ITU 2023
Uzbekistan,UZB,Central Asia,Central Asia,health_social,0.18,0.122,0.68,Low,Low,0.22,0.82,0.58,58.4,54.8,340,Frey-Osborne 2017 + ILO Task Indices + World Bank STEP + ITU 2023
Uzbekistan,UZB,Central Asia,Central Asia,transport,0.78,0.53,0.68,High,Medium,0.7,0.32,0.72,58.4,54.8,340,Frey-Osborne 2017 + ILO Task Indices + World Bank STEP + ITU 2023
Uzbekistan,UZB,Central Asia,Central Asia,financial_svcs,0.72,0.49,0.68,High,Medium,0.76,0.62,0.08,58.4,54.8,340,Frey-Osborne 2017 + ILO Task Indices + World Bank STEP + ITU 2023
Uzbekistan,UZB,Central Asia,Central Asia,education,0.02,0.014,0.68,Low,Low,0.12,0.9,0.22,58.4,54.8,340,Frey-Osborne 2017 + ILO Task Indices + World Bank STEP + ITU 2023
Uzbekistan,UZB,Central Asia,Central Asia,domestic_svcs,0.28,0.19,0.68,Low,Low,0.32,0.28,0.8,58.4,54.8,340,Frey-Osborne 2017 + ILO Task Indices + World Bank STEP + ITU 2023
Kyrgyzstan,KGZ,Central Asia,Central Asia,agriculture,0.68,0.305,0.64,High,Medium,0.72,0.28,0.88,62.8,48.6,280,Frey-Osborne 2017 + ILO Task Indices + World Bank STEP + ITU 2023
Kyrgyzstan,KGZ,Central Asia,Central Asia,trade_retail,0.89,0.57,0.64,High,Medium,0.82,0.32,0.42,62.8,48.6,280,Frey-Osborne 2017 + ILO Task Indices + World Bank STEP + ITU 2023
Kyrgyzstan,KGZ,Central Asia,Central Asia,construction,0.71,0.454,0.64,High,Medium,0.64,0.28,0.88,62.8,48.6,280,Frey-Osborne 2017 + ILO Task Indices + World Bank STEP + ITU 2023
Kyrgyzstan,KGZ,Central Asia,Central Asia,ict_services,0.38,0.3,0.64,Medium,Medium,0.28,0.88,0.15,62.8,48.6,280,Frey-Osborne 2017 + ILO Task Indices + World Bank STEP + ITU 2023
Kyrgyzstan,KGZ,Central Asia,Central Asia,manufacturing,0.88,0.563,0.64,High,Medium,0.86,0.22,0.78,62.8,48.6,280,Frey-Osborne 2017 + ILO Task Indices + World Bank STEP + ITU 2023
Kyrgyzstan,KGZ,Central Asia,Central Asia,health_social,0.18,0.115,0.64,Low,Low,0.22,0.82,0.58,62.8,48.6,280,Frey-Osborne 2017 + ILO Task Indices + World Bank STEP + ITU 2023
Kyrgyzstan,KGZ,Central Asia,Central Asia,transport,0.78,0.499,0.64,High,Medium,0.7,0.32,0.72,62.8,48.6,280,Frey-Osborne 2017 + ILO Task Indices + World Bank STEP + ITU 2023
Kyrgyzstan,KGZ,Central Asia,Central Asia,financial_svcs,0.72,0.461,0.64,High,Medium,0.76,0.62,0.08,62.8,48.6,280,Frey-Osborne 2017 + ILO Task Indices + World Bank STEP + ITU 2023
Kyrgyzstan,KGZ,Central Asia,Central Asia,education,0.02,0.013,0.64,Low,Low,0.12,0.9,0.22,62.8,48.6,280,Frey-Osborne 2017 + ILO Task Indices + World Bank STEP + ITU 2023
Kyrgyzstan,KGZ,Central Asia,Central Asia,domestic_svcs,0.28,0.179,0.64,Low,Low,0.32,0.28,0.8,62.8,48.6,280,Frey-Osborne 2017 + ILO Task Indices + World Bank STEP + ITU 2023
